09:21:23.349 [main] DEBUG org.testng.TestNG - suiteXmlPath: "C:\Users\MAHESH\AppData\Local\Temp\testng-eclipse--408048566\testng-customsuite.xml"
09:21:23.478 [main] INFO  org.testng.internal.Utils - [Utils] MethodGroupsHelper.collectMethodsByGroup() took 0 ms.
09:21:23.480 [main] INFO  org.testng.internal.Utils - [Utils] MethodGroupsHelper.sortMethods() took 0 ms.
09:21:23.482 [main] INFO  org.testng.internal.Utils - [Utils] MethodGroupsHelper.collectMethodsByGroup() took 0 ms.
09:21:23.482 [main] INFO  org.testng.internal.Utils - [Utils] MethodGroupsHelper.sortMethods() took 0 ms.
09:21:23.483 [main] INFO  org.testng.internal.Utils - [Utils] MethodGroupsHelper.collectMethodsByGroup() took 0 ms.
09:21:23.519 [main] INFO  org.testng.internal.Utils - [Utils] MethodGroupsHelper.sortMethods() took 0 ms.
09:21:23.520 [main] INFO  org.testng.internal.Utils - [Utils] MethodGroupsHelper.collectMethodsByGroup() took 0 ms.
09:21:23.520 [main] INFO  org.testng.internal.Utils - [Utils] MethodGroupsHelper.sortMethods() took 0 ms.
09:21:23.524 [main] INFO  org.testng.internal.Utils - [Utils] MethodGroupsHelper.collectMethodsByGroup() took 2 ms.
09:21:23.542 [main] INFO  org.testng.internal.Utils - [Utils] MethodGroupsHelper.sortMethods() took 17 ms.
09:21:23.543 [main] INFO  org.testng.internal.Utils - [Utils] MethodGroupsHelper.collectMethodsByGroup() took 0 ms.
09:21:23.543 [main] INFO  org.testng.internal.Utils - [Utils] MethodGroupsHelper.sortMethods() took 0 ms.
09:21:23.544 [main] INFO  org.testng.internal.Utils - [Utils] MethodGroupsHelper.collectMethodsByGroup() took 0 ms.
09:21:23.544 [main] INFO  org.testng.internal.Utils - [Utils] MethodGroupsHelper.sortMethods() took 0 ms.
09:21:23.544 [main] INFO  org.testng.internal.Utils - [Utils] MethodGroupsHelper.collectMethodsByGroup() took 0 ms.
09:21:23.544 [main] INFO  org.testng.internal.Utils - [Utils] MethodGroupsHelper.sortMethods() took 0 ms.
09:21:23.545 [main] INFO  org.testng.internal.Utils - [Utils] MethodGroupsHelper.collectMethodsByGroup() took 0 ms.
09:21:23.545 [main] INFO  org.testng.internal.Utils - [Utils] MethodGroupsHelper.sortMethods() took 0 ms.
09:21:23.545 [main] INFO  org.testng.internal.Utils - [Utils] MethodGroupsHelper.collectMethodsByGroup() took 0 ms.
09:21:23.546 [main] INFO  org.testng.internal.Utils - [Utils] MethodGroupsHelper.sortMethods() took 0 ms.
09:21:23.548 [main] INFO  org.testng.internal.Utils - [Utils] MethodGroupsHelper.collectMethodsByGroup() took 0 ms.
09:21:23.548 [main] INFO  org.testng.internal.Utils - [Utils] MethodGroupsHelper.sortMethods() took 0 ms.
09:21:23.548 [main] INFO  org.testng.internal.Utils - [Utils] MethodGroupsHelper.collectMethodsByGroup() took 0 ms.
09:21:23.549 [main] INFO  org.testng.internal.Utils - [Utils] MethodGroupsHelper.sortMethods() took 0 ms.
09:21:23.549 [main] INFO  org.testng.internal.Utils - [Utils] MethodGroupsHelper.collectMethodsByGroup() took 0 ms.
09:21:23.550 [main] INFO  org.testng.internal.Utils - [Utils] MethodGroupsHelper.sortMethods() took 0 ms.
09:21:23.552 [main] INFO  org.testng.internal.Utils - [Utils] MethodGroupsHelper.collectMethodsByGroup() took 0 ms.
09:21:23.552 [main] INFO  org.testng.internal.Utils - [Utils] MethodGroupsHelper.sortMethods() took 0 ms.
09:21:23.552 [main] INFO  org.testng.internal.Utils - [Utils] MethodGroupsHelper.collectMethodsByGroup() took 0 ms.
09:21:23.552 [main] INFO  org.testng.internal.Utils - [Utils] MethodGroupsHelper.sortMethods() took 0 ms.
09:21:23.558 [main] INFO  org.testng.internal.Utils - [TestNG] Running:
  C:\Users\MAHESH\AppData\Local\Temp\testng-eclipse--408048566\testng-customsuite.xml

09:21:23.571 [main] INFO  org.testng.internal.Utils - [Utils] DynamicGraphHelper.createDynamicGraph() took 2 ms.
09:21:25.539 [main] INFO  TestCases.TC001_AccountRegistrationTest - **** Started TC001_AccountRegistrationTest ****
09:21:25.653 [main] INFO  TestCases.TC001_AccountRegistrationTest - click on my account
09:21:26.147 [main] INFO  TestCases.TC001_AccountRegistrationTest - click on Register
09:21:26.147 [main] INFO  TestCases.TC001_AccountRegistrationTest - Providing customer details
09:21:26.629 [main] INFO  TestCases.TC001_AccountRegistrationTest - validation information
09:21:27.916 [main] INFO  TestCases.TC001_AccountRegistrationTest - **** Finished TC001_AccountRegistrationTest ****
09:21:28.102 [main] INFO  org.testng.internal.Utils - [TestNG] Time taken by org.testng.reporters.jq.Main@43effd89: 23 ms
09:21:28.103 [main] INFO  org.testng.internal.Utils - [TestNG] Time taken by org.testng.reporters.FailedReporter@2227a6c1: 0 ms
09:21:28.108 [main] INFO  org.testng.internal.Utils - [TestNG] Time taken by org.testng.reporters.XMLReporter@bdc8014: 4 ms
09:21:28.111 [main] INFO  org.testng.internal.Utils - [TestNG] Time taken by org.testng.reporters.EmailableReporter2@49601f82: 3 ms
09:21:28.115 [main] INFO  org.testng.internal.Utils - [TestNG] Time taken by org.testng.reporters.JUnitReportReporter@7551da2a: 3 ms
09:21:28.115 [main] INFO  org.testng.internal.Utils - [TestNG] Time taken by org.testng.internal.ExitCodeListener@432034a: 0 ms
10:00:40.336 [main] DEBUG org.testng.TestNG - suiteXmlPath: "C:\Users\MAHESH\eclipse-workspace\DummyOpenCart\master.xml"
10:00:40.500 [main] INFO  org.testng.internal.Utils - [TestNG] Running:
  C:\Users\MAHESH\eclipse-workspace\DummyOpenCart\master.xml

10:00:43.237 [main] INFO  TestCases.TC001_AccountRegistrationTest - **** Started TC001_AccountRegistrationTest ****
10:00:43.340 [main] INFO  TestCases.TC001_AccountRegistrationTest - click on my account
10:00:43.708 [main] INFO  TestCases.TC001_AccountRegistrationTest - click on Register
10:00:43.708 [main] INFO  TestCases.TC001_AccountRegistrationTest - Providing customer details
10:00:44.217 [main] INFO  TestCases.TC001_AccountRegistrationTest - validation information
10:00:45.758 [main] INFO  TestCases.TC001_AccountRegistrationTest - **** Finished TC001_AccountRegistrationTest ****
10:01:59.962 [main] DEBUG org.testng.TestNG - suiteXmlPath: "C:\Users\MAHESH\eclipse-workspace\DummyOpenCart\master.xml"
10:02:00.124 [main] INFO  org.testng.internal.Utils - [TestNG] Running:
  C:\Users\MAHESH\eclipse-workspace\DummyOpenCart\master.xml

10:02:06.172 [main] INFO  TestCases.TC001_AccountRegistrationTest - **** Started TC001_AccountRegistrationTest ****
10:02:06.313 [main] INFO  TestCases.TC001_AccountRegistrationTest - click on my account
10:02:06.801 [main] INFO  TestCases.TC001_AccountRegistrationTest - click on Register
10:02:06.801 [main] INFO  TestCases.TC001_AccountRegistrationTest - Providing customer details
10:02:08.310 [main] INFO  TestCases.TC001_AccountRegistrationTest - validation information
10:02:08.342 [main] INFO  TestCases.TC001_AccountRegistrationTest - **** Finished TC001_AccountRegistrationTest ****
10:03:04.413 [main] DEBUG org.testng.TestNG - suiteXmlPath: "C:\Users\MAHESH\eclipse-workspace\DummyOpenCart\master.xml"
10:03:04.577 [main] INFO  org.testng.internal.Utils - [TestNG] Running:
  C:\Users\MAHESH\eclipse-workspace\DummyOpenCart\master.xml

10:03:06.554 [main] INFO  TestCases.TC001_AccountRegistrationTest - **** Started TC001_AccountRegistrationTest ****
10:03:06.639 [main] INFO  TestCases.TC001_AccountRegistrationTest - click on my account
10:03:07.032 [main] INFO  TestCases.TC001_AccountRegistrationTest - click on Register
10:03:07.040 [main] INFO  TestCases.TC001_AccountRegistrationTest - Providing customer details
10:03:07.491 [main] INFO  TestCases.TC001_AccountRegistrationTest - validation information
10:03:08.959 [main] INFO  TestCases.TC001_AccountRegistrationTest - **** Finished TC001_AccountRegistrationTest ****
10:09:58.923 [main] DEBUG org.testng.TestNG - suiteXmlPath: "C:\Users\MAHESH\eclipse-workspace\DummyOpenCart\crossbrowsertesting.xml"
10:09:59.105 [main] INFO  org.testng.internal.Utils - [TestNG] Running:
  C:\Users\MAHESH\eclipse-workspace\DummyOpenCart\crossbrowsertesting.xml

10:10:03.442 [main] INFO  TestCases.TC001_AccountRegistrationTest - **** Started TC001_AccountRegistrationTest ****
10:10:03.562 [main] INFO  TestCases.TC001_AccountRegistrationTest - click on my account
10:10:05.184 [main] INFO  TestCases.TC001_AccountRegistrationTest - click on Register
10:10:05.190 [main] INFO  TestCases.TC001_AccountRegistrationTest - Providing customer details
10:10:11.328 [main] INFO  TestCases.TC001_AccountRegistrationTest - validation information
10:10:11.356 [main] INFO  TestCases.TC001_AccountRegistrationTest - **** Finished TC001_AccountRegistrationTest ****
10:10:13.256 [main] INFO  TestCases.TC001_AccountRegistrationTest - **** Started TC001_AccountRegistrationTest ****
10:10:13.338 [main] INFO  TestCases.TC001_AccountRegistrationTest - click on my account
10:10:13.692 [main] INFO  TestCases.TC001_AccountRegistrationTest - click on Register
10:10:13.693 [main] INFO  TestCases.TC001_AccountRegistrationTest - Providing customer details
10:10:14.102 [main] INFO  TestCases.TC001_AccountRegistrationTest - validation information
10:10:16.956 [main] INFO  TestCases.TC001_AccountRegistrationTest - **** Finished TC001_AccountRegistrationTest ****
10:10:52.744 [main] INFO  TestCases.TC001_AccountRegistrationTest - **** Started TC001_AccountRegistrationTest ****
10:10:52.894 [main] INFO  TestCases.TC001_AccountRegistrationTest - click on my account
10:10:53.352 [main] INFO  TestCases.TC001_AccountRegistrationTest - click on Register
10:10:53.352 [main] INFO  TestCases.TC001_AccountRegistrationTest - Providing customer details
10:10:54.720 [main] INFO  TestCases.TC001_AccountRegistrationTest - validation information
10:10:54.747 [main] INFO  TestCases.TC001_AccountRegistrationTest - **** Finished TC001_AccountRegistrationTest ****
10:13:38.462 [main] DEBUG org.testng.TestNG - suiteXmlPath: "C:\Users\MAHESH\eclipse-workspace\DummyOpenCart\crossbrowsertesting.xml"
10:13:38.639 [main] INFO  org.testng.internal.Utils - [TestNG] Running:
  C:\Users\MAHESH\eclipse-workspace\DummyOpenCart\crossbrowsertesting.xml

10:13:40.773 [TestNG-tests-2] INFO  TestCases.TC001_AccountRegistrationTest - **** Started TC001_AccountRegistrationTest ****
10:13:40.910 [TestNG-tests-2] INFO  TestCases.TC001_AccountRegistrationTest - click on my account
10:13:40.990 [TestNG-tests-1] INFO  TestCases.TC001_AccountRegistrationTest - **** Started TC001_AccountRegistrationTest ****
10:13:41.150 [TestNG-tests-1] INFO  TestCases.TC001_AccountRegistrationTest - click on my account
10:13:41.960 [TestNG-tests-2] INFO  TestCases.TC001_AccountRegistrationTest - click on Register
10:13:41.970 [TestNG-tests-2] INFO  TestCases.TC001_AccountRegistrationTest - Providing customer details
10:13:42.008 [TestNG-tests-1] INFO  TestCases.TC001_AccountRegistrationTest - click on Register
10:13:42.008 [TestNG-tests-1] INFO  TestCases.TC001_AccountRegistrationTest - Providing customer details
10:13:44.105 [TestNG-tests-1] INFO  TestCases.TC001_AccountRegistrationTest - validation information
10:13:44.226 [TestNG-tests-1] INFO  TestCases.TC001_AccountRegistrationTest - **** Finished TC001_AccountRegistrationTest ****
10:13:44.519 [TestNG-tests-2] INFO  TestCases.TC001_AccountRegistrationTest - validation information
10:13:44.579 [TestNG-tests-2] INFO  TestCases.TC001_AccountRegistrationTest - **** Finished TC001_AccountRegistrationTest ****
10:13:45.131 [TestNG-tests-3] INFO  TestCases.TC001_AccountRegistrationTest - **** Started TC001_AccountRegistrationTest ****
10:13:45.259 [TestNG-tests-3] INFO  TestCases.TC001_AccountRegistrationTest - click on my account
10:13:45.690 [TestNG-tests-3] INFO  TestCases.TC001_AccountRegistrationTest - click on Register
10:13:45.690 [TestNG-tests-3] INFO  TestCases.TC001_AccountRegistrationTest - Providing customer details
10:13:47.345 [TestNG-tests-3] INFO  TestCases.TC001_AccountRegistrationTest - validation information
10:13:47.368 [TestNG-tests-3] INFO  TestCases.TC001_AccountRegistrationTest - **** Finished TC001_AccountRegistrationTest ****
10:36:44.375 [main] DEBUG org.testng.TestNG - suiteXmlPath: "C:\Users\MAHESH\eclipse-workspace\DummyOpenCart\crossbrowsertesting.xml"
10:36:44.510 [main] INFO  org.testng.internal.Utils - [TestNG] Running:
  C:\Users\MAHESH\eclipse-workspace\DummyOpenCart\crossbrowsertesting.xml

10:37:00.401 [main] DEBUG org.testng.TestNG - suiteXmlPath: "C:\Users\MAHESH\eclipse-workspace\DummyOpenCart\crossbrowsertesting.xml"
10:37:00.534 [main] INFO  org.testng.internal.Utils - [TestNG] Running:
  C:\Users\MAHESH\eclipse-workspace\DummyOpenCart\crossbrowsertesting.xml

10:38:01.898 [main] DEBUG org.testng.TestNG - suiteXmlPath: "C:\Users\MAHESH\eclipse-workspace\DummyOpenCart\crossbrowsertesting.xml"
10:38:02.030 [main] INFO  org.testng.internal.Utils - [TestNG] Running:
  C:\Users\MAHESH\eclipse-workspace\DummyOpenCart\crossbrowsertesting.xml

10:41:50.446 [main] DEBUG org.testng.TestNG - suiteXmlPath: "C:\Users\MAHESH\eclipse-workspace\DummyOpenCart\master.xml"
10:41:50.571 [main] INFO  org.testng.internal.Utils - [TestNG] Running:
  C:\Users\MAHESH\eclipse-workspace\DummyOpenCart\master.xml

10:48:24.114 [main] DEBUG org.testng.TestNG - suiteXmlPath: "C:\Users\MAHESH\eclipse-workspace\DummyOpenCart\master.xml"
10:48:24.260 [main] INFO  org.testng.internal.Utils - [TestNG] Running:
  C:\Users\MAHESH\eclipse-workspace\DummyOpenCart\master.xml

10:50:48.236 [main] DEBUG org.testng.TestNG - suiteXmlPath: "C:\Users\MAHESH\eclipse-workspace\DummyOpenCart\master.xml"
10:50:48.401 [main] INFO  org.testng.internal.Utils - [TestNG] Running:
  C:\Users\MAHESH\eclipse-workspace\DummyOpenCart\master.xml

10:50:50.524 [main] INFO  TestCases.TC001_AccountRegistrationTest - **** Started TC001_AccountRegistrationTest ****
10:50:50.621 [main] INFO  TestCases.TC001_AccountRegistrationTest - click on my account
10:50:51.014 [main] INFO  TestCases.TC001_AccountRegistrationTest - click on Register
10:50:51.017 [main] INFO  TestCases.TC001_AccountRegistrationTest - Providing customer details
10:50:51.518 [main] INFO  TestCases.TC001_AccountRegistrationTest - validation information
10:50:52.835 [main] INFO  TestCases.TC001_AccountRegistrationTest - **** Finished TC001_AccountRegistrationTest ****
15:47:30.153 [main] DEBUG org.testng.TestNG - suiteXmlPath: "C:\Users\MAHESH\eclipse-workspace\DummyOpenCart\master.xml"
15:47:30.324 [main] INFO  org.testng.internal.Utils - [TestNG] Running:
  C:\Users\MAHESH\eclipse-workspace\DummyOpenCart\master.xml

15:47:33.196 [main] INFO  TestCases.TC001_AccountRegistrationTest - **** Started TC001_AccountRegistrationTest ****
15:47:33.275 [main] INFO  TestCases.TC001_AccountRegistrationTest - click on my account
15:47:33.815 [main] INFO  TestCases.TC001_AccountRegistrationTest - click on Register
15:47:33.815 [main] INFO  TestCases.TC001_AccountRegistrationTest - Providing customer details
15:47:35.688 [main] INFO  TestCases.TC001_AccountRegistrationTest - validation information
15:47:35.727 [main] INFO  TestCases.TC001_AccountRegistrationTest - **** Finished TC001_AccountRegistrationTest ****
15:50:35.834 [main] DEBUG org.testng.TestNG - suiteXmlPath: "C:\Users\MAHESH\eclipse-workspace\DummyOpenCart\master.xml"
15:50:36.000 [main] INFO  org.testng.internal.Utils - [TestNG] Running:
  C:\Users\MAHESH\eclipse-workspace\DummyOpenCart\master.xml

15:51:51.547 [main] DEBUG org.testng.TestNG - suiteXmlPath: "C:\Users\MAHESH\eclipse-workspace\DummyOpenCart\master.xml"
15:51:51.712 [main] INFO  org.testng.internal.Utils - [TestNG] Running:
  C:\Users\MAHESH\eclipse-workspace\DummyOpenCart\master.xml

15:55:34.780 [main] DEBUG org.testng.TestNG - suiteXmlPath: "C:\Users\MAHESH\eclipse-workspace\DummyOpenCart\master.xml"
15:55:34.940 [main] INFO  org.testng.internal.Utils - [TestNG] Running:
  C:\Users\MAHESH\eclipse-workspace\DummyOpenCart\master.xml

15:57:41.371 [main] DEBUG org.testng.TestNG - suiteXmlPath: "C:\Users\MAHESH\eclipse-workspace\DummyOpenCart\master.xml"
15:57:41.554 [main] INFO  org.testng.internal.Utils - [TestNG] Running:
  C:\Users\MAHESH\eclipse-workspace\DummyOpenCart\master.xml

15:57:45.416 [main] INFO  TestCases.TC002_LoginTest - **** Starting TC002_LoginTest ****
15:59:06.096 [main] DEBUG org.testng.TestNG - suiteXmlPath: "C:\Users\MAHESH\eclipse-workspace\DummyOpenCart\master.xml"
15:59:06.259 [main] INFO  org.testng.internal.Utils - [TestNG] Running:
  C:\Users\MAHESH\eclipse-workspace\DummyOpenCart\master.xml

15:59:08.279 [main] INFO  TestCases.TC002_LoginTest - **** Starting TC002_LoginTest ****
15:59:42.634 [main] DEBUG org.testng.TestNG - suiteXmlPath: "C:\Users\MAHESH\eclipse-workspace\DummyOpenCart\master.xml"
15:59:42.800 [main] INFO  org.testng.internal.Utils - [TestNG] Running:
  C:\Users\MAHESH\eclipse-workspace\DummyOpenCart\master.xml

15:59:44.935 [main] INFO  TestCases.TC002_LoginTest - **** Starting TC002_LoginTest ****
15:59:46.725 [main] INFO  TestCases.TC002_LoginTest - **** Finished TC002_LoginTest ****
16:04:50.125 [main] DEBUG org.testng.TestNG - suiteXmlPath: "C:\Users\MAHESH\eclipse-workspace\DummyOpenCart\master.xml"
16:04:50.298 [main] INFO  org.testng.internal.Utils - [TestNG] Running:
  C:\Users\MAHESH\eclipse-workspace\DummyOpenCart\master.xml

16:04:53.799 [main] INFO  TestCases.TC001_AccountRegistrationTest - **** Started TC001_AccountRegistrationTest ****
16:04:54.009 [main] INFO  TestCases.TC001_AccountRegistrationTest - click on my account
16:04:54.615 [main] INFO  TestCases.TC001_AccountRegistrationTest - click on Register
16:04:54.616 [main] INFO  TestCases.TC001_AccountRegistrationTest - Providing customer details
16:04:55.465 [main] INFO  TestCases.TC001_AccountRegistrationTest - validation information
16:04:56.748 [main] INFO  TestCases.TC001_AccountRegistrationTest - **** Finished TC001_AccountRegistrationTest ****
16:04:58.544 [main] INFO  TestCases.TC002_LoginTest - **** Starting TC002_LoginTest ****
16:05:00.165 [main] INFO  TestCases.TC002_LoginTest - **** Finished TC002_LoginTest ****
19:14:23.520 [main] DEBUG org.testng.TestNG - suiteXmlPath: "C:\Users\MAHESH\eclipse-workspace\DummyOpenCart\master.xml"
19:14:23.697 [main] INFO  org.testng.internal.Utils - [TestNG] Running:
  C:\Users\MAHESH\eclipse-workspace\DummyOpenCart\master.xml

19:15:05.586 [main] INFO  TestCases.TC001_AccountRegistrationTest - **** Started TC001_AccountRegistrationTest ****
19:15:05.770 [main] INFO  TestCases.TC001_AccountRegistrationTest - click on my account
19:15:06.372 [main] INFO  TestCases.TC001_AccountRegistrationTest - click on Register
19:15:06.372 [main] INFO  TestCases.TC001_AccountRegistrationTest - Providing customer details
19:15:08.804 [main] INFO  TestCases.TC001_AccountRegistrationTest - validation information
19:15:08.834 [main] INFO  TestCases.TC001_AccountRegistrationTest - **** Finished TC001_AccountRegistrationTest ****
19:15:13.543 [main] INFO  TestCases.TC002_LoginTest - **** Starting TC002_LoginTest ****
19:15:15.998 [main] INFO  TestCases.TC002_LoginTest - **** Finished TC002_LoginTest ****
19:17:27.879 [main] DEBUG org.testng.TestNG - suiteXmlPath: "C:\Users\MAHESH\eclipse-workspace\DummyOpenCart\master.xml"
19:17:28.038 [main] INFO  org.testng.internal.Utils - [TestNG] Running:
  C:\Users\MAHESH\eclipse-workspace\DummyOpenCart\master.xml

19:18:41.924 [main] DEBUG org.testng.TestNG - suiteXmlPath: "C:\Users\MAHESH\eclipse-workspace\DummyOpenCart\master.xml"
19:18:42.078 [main] INFO  org.testng.internal.Utils - [TestNG] Running:
  C:\Users\MAHESH\eclipse-workspace\DummyOpenCart\master.xml

19:24:11.801 [main] DEBUG org.testng.TestNG - suiteXmlPath: "C:\Users\MAHESH\eclipse-workspace\DummyOpenCart\master.xml"
19:24:11.975 [main] INFO  org.testng.internal.Utils - [TestNG] Running:
  C:\Users\MAHESH\eclipse-workspace\DummyOpenCart\master.xml

19:28:25.681 [main] DEBUG org.testng.TestNG - suiteXmlPath: "C:\Users\MAHESH\eclipse-workspace\DummyOpenCart\master.xml"
19:28:25.838 [main] INFO  org.testng.internal.Utils - [TestNG] Running:
  C:\Users\MAHESH\eclipse-workspace\DummyOpenCart\master.xml

19:28:28.321 [main] DEBUG org.apache.poi.openxml4j.opc.PackageRelationshipCollection - Parsing relationship: /xl/_rels/workbook.xml.rels
19:28:28.321 [main] DEBUG org.apache.poi.openxml4j.opc.PackageRelationshipCollection - Parsing relationship: /xl/worksheets/_rels/sheet1.xml.rels
19:28:28.321 [main] DEBUG org.apache.poi.openxml4j.opc.PackageRelationshipCollection - Parsing relationship: /_rels/.rels
19:28:29.186 [main] DEBUG org.apache.poi.openxml4j.opc.PackageRelationshipCollection - Parsing relationship: /xl/_rels/workbook.xml.rels
19:28:29.187 [main] DEBUG org.apache.poi.openxml4j.opc.PackageRelationshipCollection - Parsing relationship: /xl/worksheets/_rels/sheet1.xml.rels
19:28:29.187 [main] DEBUG org.apache.poi.openxml4j.opc.PackageRelationshipCollection - Parsing relationship: /_rels/.rels
19:28:29.229 [main] DEBUG org.apache.poi.openxml4j.opc.PackageRelationshipCollection - Parsing relationship: /xl/_rels/workbook.xml.rels
19:28:29.229 [main] DEBUG org.apache.poi.openxml4j.opc.PackageRelationshipCollection - Parsing relationship: /xl/worksheets/_rels/sheet1.xml.rels
19:28:29.229 [main] DEBUG org.apache.poi.openxml4j.opc.PackageRelationshipCollection - Parsing relationship: /_rels/.rels
19:28:29.278 [main] DEBUG org.apache.poi.openxml4j.opc.PackageRelationshipCollection - Parsing relationship: /xl/_rels/workbook.xml.rels
19:28:29.279 [main] DEBUG org.apache.poi.openxml4j.opc.PackageRelationshipCollection - Parsing relationship: /xl/worksheets/_rels/sheet1.xml.rels
19:28:29.280 [main] DEBUG org.apache.poi.openxml4j.opc.PackageRelationshipCollection - Parsing relationship: /_rels/.rels
19:28:29.309 [main] DEBUG org.apache.poi.openxml4j.opc.PackageRelationshipCollection - Parsing relationship: /xl/_rels/workbook.xml.rels
19:28:29.309 [main] DEBUG org.apache.poi.openxml4j.opc.PackageRelationshipCollection - Parsing relationship: /xl/worksheets/_rels/sheet1.xml.rels
19:28:29.309 [main] DEBUG org.apache.poi.openxml4j.opc.PackageRelationshipCollection - Parsing relationship: /_rels/.rels
19:28:29.325 [main] DEBUG org.apache.poi.openxml4j.opc.PackageRelationshipCollection - Parsing relationship: /xl/_rels/workbook.xml.rels
19:28:29.325 [main] DEBUG org.apache.poi.openxml4j.opc.PackageRelationshipCollection - Parsing relationship: /xl/worksheets/_rels/sheet1.xml.rels
19:28:29.325 [main] DEBUG org.apache.poi.openxml4j.opc.PackageRelationshipCollection - Parsing relationship: /_rels/.rels
19:28:29.363 [main] DEBUG org.apache.poi.openxml4j.opc.PackageRelationshipCollection - Parsing relationship: /xl/_rels/workbook.xml.rels
19:28:29.363 [main] DEBUG org.apache.poi.openxml4j.opc.PackageRelationshipCollection - Parsing relationship: /xl/worksheets/_rels/sheet1.xml.rels
19:28:29.363 [main] DEBUG org.apache.poi.openxml4j.opc.PackageRelationshipCollection - Parsing relationship: /_rels/.rels
19:28:29.388 [main] DEBUG org.apache.poi.openxml4j.opc.PackageRelationshipCollection - Parsing relationship: /xl/_rels/workbook.xml.rels
19:28:29.388 [main] DEBUG org.apache.poi.openxml4j.opc.PackageRelationshipCollection - Parsing relationship: /xl/worksheets/_rels/sheet1.xml.rels
19:28:29.388 [main] DEBUG org.apache.poi.openxml4j.opc.PackageRelationshipCollection - Parsing relationship: /_rels/.rels
19:28:29.420 [main] DEBUG org.apache.poi.openxml4j.opc.PackageRelationshipCollection - Parsing relationship: /xl/_rels/workbook.xml.rels
19:28:29.420 [main] DEBUG org.apache.poi.openxml4j.opc.PackageRelationshipCollection - Parsing relationship: /xl/worksheets/_rels/sheet1.xml.rels
19:28:29.420 [main] DEBUG org.apache.poi.openxml4j.opc.PackageRelationshipCollection - Parsing relationship: /_rels/.rels
19:28:29.445 [main] DEBUG org.apache.poi.openxml4j.opc.PackageRelationshipCollection - Parsing relationship: /xl/_rels/workbook.xml.rels
19:28:29.445 [main] DEBUG org.apache.poi.openxml4j.opc.PackageRelationshipCollection - Parsing relationship: /xl/worksheets/_rels/sheet1.xml.rels
19:28:29.453 [main] DEBUG org.apache.poi.openxml4j.opc.PackageRelationshipCollection - Parsing relationship: /_rels/.rels
19:28:29.475 [main] DEBUG org.apache.poi.openxml4j.opc.PackageRelationshipCollection - Parsing relationship: /xl/_rels/workbook.xml.rels
19:28:29.475 [main] DEBUG org.apache.poi.openxml4j.opc.PackageRelationshipCollection - Parsing relationship: /xl/worksheets/_rels/sheet1.xml.rels
19:28:29.475 [main] DEBUG org.apache.poi.openxml4j.opc.PackageRelationshipCollection - Parsing relationship: /_rels/.rels
19:28:29.495 [main] DEBUG org.apache.poi.openxml4j.opc.PackageRelationshipCollection - Parsing relationship: /xl/_rels/workbook.xml.rels
19:28:29.496 [main] DEBUG org.apache.poi.openxml4j.opc.PackageRelationshipCollection - Parsing relationship: /xl/worksheets/_rels/sheet1.xml.rels
19:28:29.497 [main] DEBUG org.apache.poi.openxml4j.opc.PackageRelationshipCollection - Parsing relationship: /_rels/.rels
19:28:29.518 [main] DEBUG org.apache.poi.openxml4j.opc.PackageRelationshipCollection - Parsing relationship: /xl/_rels/workbook.xml.rels
19:28:29.520 [main] DEBUG org.apache.poi.openxml4j.opc.PackageRelationshipCollection - Parsing relationship: /xl/worksheets/_rels/sheet1.xml.rels
19:28:29.521 [main] DEBUG org.apache.poi.openxml4j.opc.PackageRelationshipCollection - Parsing relationship: /_rels/.rels
19:28:29.541 [main] DEBUG org.apache.poi.openxml4j.opc.PackageRelationshipCollection - Parsing relationship: /xl/_rels/workbook.xml.rels
19:28:29.543 [main] DEBUG org.apache.poi.openxml4j.opc.PackageRelationshipCollection - Parsing relationship: /xl/worksheets/_rels/sheet1.xml.rels
19:28:29.543 [main] DEBUG org.apache.poi.openxml4j.opc.PackageRelationshipCollection - Parsing relationship: /_rels/.rels
19:28:29.564 [main] DEBUG org.apache.poi.openxml4j.opc.PackageRelationshipCollection - Parsing relationship: /xl/_rels/workbook.xml.rels
19:28:29.566 [main] DEBUG org.apache.poi.openxml4j.opc.PackageRelationshipCollection - Parsing relationship: /xl/worksheets/_rels/sheet1.xml.rels
19:28:29.568 [main] DEBUG org.apache.poi.openxml4j.opc.PackageRelationshipCollection - Parsing relationship: /_rels/.rels
19:28:29.584 [main] DEBUG org.apache.poi.openxml4j.opc.PackageRelationshipCollection - Parsing relationship: /xl/_rels/workbook.xml.rels
19:28:29.586 [main] DEBUG org.apache.poi.openxml4j.opc.PackageRelationshipCollection - Parsing relationship: /xl/worksheets/_rels/sheet1.xml.rels
19:28:29.586 [main] DEBUG org.apache.poi.openxml4j.opc.PackageRelationshipCollection - Parsing relationship: /_rels/.rels
19:28:29.603 [main] DEBUG org.apache.poi.openxml4j.opc.PackageRelationshipCollection - Parsing relationship: /xl/_rels/workbook.xml.rels
19:28:29.603 [main] DEBUG org.apache.poi.openxml4j.opc.PackageRelationshipCollection - Parsing relationship: /xl/worksheets/_rels/sheet1.xml.rels
19:28:29.605 [main] DEBUG org.apache.poi.openxml4j.opc.PackageRelationshipCollection - Parsing relationship: /_rels/.rels
19:28:29.620 [main] DEBUG org.apache.poi.openxml4j.opc.PackageRelationshipCollection - Parsing relationship: /xl/_rels/workbook.xml.rels
19:28:29.621 [main] DEBUG org.apache.poi.openxml4j.opc.PackageRelationshipCollection - Parsing relationship: /xl/worksheets/_rels/sheet1.xml.rels
19:28:29.621 [main] DEBUG org.apache.poi.openxml4j.opc.PackageRelationshipCollection - Parsing relationship: /_rels/.rels
19:28:29.631 [main] DEBUG org.apache.poi.openxml4j.opc.PackageRelationshipCollection - Parsing relationship: /xl/_rels/workbook.xml.rels
19:28:29.631 [main] DEBUG org.apache.poi.openxml4j.opc.PackageRelationshipCollection - Parsing relationship: /xl/worksheets/_rels/sheet1.xml.rels
19:28:29.631 [main] DEBUG org.apache.poi.openxml4j.opc.PackageRelationshipCollection - Parsing relationship: /_rels/.rels
19:28:29.655 [main] DEBUG org.apache.poi.openxml4j.opc.PackageRelationshipCollection - Parsing relationship: /xl/_rels/workbook.xml.rels
19:28:29.655 [main] DEBUG org.apache.poi.openxml4j.opc.PackageRelationshipCollection - Parsing relationship: /xl/worksheets/_rels/sheet1.xml.rels
19:28:29.655 [main] DEBUG org.apache.poi.openxml4j.opc.PackageRelationshipCollection - Parsing relationship: /_rels/.rels
19:28:29.669 [main] DEBUG org.apache.poi.openxml4j.opc.PackageRelationshipCollection - Parsing relationship: /xl/_rels/workbook.xml.rels
19:28:29.671 [main] DEBUG org.apache.poi.openxml4j.opc.PackageRelationshipCollection - Parsing relationship: /xl/worksheets/_rels/sheet1.xml.rels
19:28:29.671 [main] DEBUG org.apache.poi.openxml4j.opc.PackageRelationshipCollection - Parsing relationship: /_rels/.rels
19:28:29.684 [main] DEBUG org.apache.poi.openxml4j.opc.PackageRelationshipCollection - Parsing relationship: /xl/_rels/workbook.xml.rels
19:28:29.685 [main] DEBUG org.apache.poi.openxml4j.opc.PackageRelationshipCollection - Parsing relationship: /xl/worksheets/_rels/sheet1.xml.rels
19:28:29.685 [main] DEBUG org.apache.poi.openxml4j.opc.PackageRelationshipCollection - Parsing relationship: /_rels/.rels
19:28:29.700 [main] DEBUG org.apache.poi.openxml4j.opc.PackageRelationshipCollection - Parsing relationship: /xl/_rels/workbook.xml.rels
19:28:29.700 [main] DEBUG org.apache.poi.openxml4j.opc.PackageRelationshipCollection - Parsing relationship: /xl/worksheets/_rels/sheet1.xml.rels
19:28:29.702 [main] DEBUG org.apache.poi.openxml4j.opc.PackageRelationshipCollection - Parsing relationship: /_rels/.rels
19:28:29.726 [main] INFO  TestCases.TC003_LoginDDT - **** Starting TC003_LoginDDT ****
19:28:31.792 [main] INFO  TestCases.TC003_LoginDDT - **** Finished TC003_LoginDDT ****
19:28:31.798 [main] INFO  TestCases.TC003_LoginDDT - **** Starting TC003_LoginDDT ****
19:28:42.563 [main] INFO  TestCases.TC003_LoginDDT - **** Finished TC003_LoginDDT ****
19:28:42.563 [main] INFO  TestCases.TC003_LoginDDT - **** Starting TC003_LoginDDT ****
19:28:53.135 [main] INFO  TestCases.TC003_LoginDDT - **** Finished TC003_LoginDDT ****
19:28:53.137 [main] INFO  TestCases.TC003_LoginDDT - **** Starting TC003_LoginDDT ****
19:29:03.880 [main] INFO  TestCases.TC003_LoginDDT - **** Finished TC003_LoginDDT ****
19:29:03.896 [main] INFO  TestCases.TC003_LoginDDT - **** Starting TC003_LoginDDT ****
19:29:06.517 [main] INFO  TestCases.TC003_LoginDDT - **** Finished TC003_LoginDDT ****
19:29:06.522 [main] INFO  TestCases.TC003_LoginDDT - **** Starting TC003_LoginDDT ****
19:29:17.390 [main] INFO  TestCases.TC003_LoginDDT - **** Finished TC003_LoginDDT ****
19:29:17.392 [main] INFO  TestCases.TC003_LoginDDT - **** Starting TC003_LoginDDT ****
19:29:28.320 [main] INFO  TestCases.TC003_LoginDDT - **** Finished TC003_LoginDDT ****
20:38:05.670 [main] DEBUG org.testng.TestNG - suiteXmlPath: "C:\Users\MAHESH\eclipse-workspace\DummyOpenCart\master.xml"
20:38:05.833 [main] INFO  org.testng.internal.Utils - [TestNG] Running:
  C:\Users\MAHESH\eclipse-workspace\DummyOpenCart\master.xml

20:38:10.359 [main] DEBUG org.apache.poi.openxml4j.opc.PackageRelationshipCollection - Parsing relationship: /xl/_rels/workbook.xml.rels
20:38:10.362 [main] DEBUG org.apache.poi.openxml4j.opc.PackageRelationshipCollection - Parsing relationship: /xl/worksheets/_rels/sheet1.xml.rels
20:38:10.362 [main] DEBUG org.apache.poi.openxml4j.opc.PackageRelationshipCollection - Parsing relationship: /_rels/.rels
20:38:10.981 [main] DEBUG org.apache.poi.openxml4j.opc.PackageRelationshipCollection - Parsing relationship: /xl/_rels/workbook.xml.rels
20:38:10.983 [main] DEBUG org.apache.poi.openxml4j.opc.PackageRelationshipCollection - Parsing relationship: /xl/worksheets/_rels/sheet1.xml.rels
20:38:10.985 [main] DEBUG org.apache.poi.openxml4j.opc.PackageRelationshipCollection - Parsing relationship: /_rels/.rels
20:38:11.022 [main] DEBUG org.apache.poi.openxml4j.opc.PackageRelationshipCollection - Parsing relationship: /xl/_rels/workbook.xml.rels
20:38:11.024 [main] DEBUG org.apache.poi.openxml4j.opc.PackageRelationshipCollection - Parsing relationship: /xl/worksheets/_rels/sheet1.xml.rels
20:38:11.024 [main] DEBUG org.apache.poi.openxml4j.opc.PackageRelationshipCollection - Parsing relationship: /_rels/.rels
20:38:11.062 [main] DEBUG org.apache.poi.openxml4j.opc.PackageRelationshipCollection - Parsing relationship: /xl/_rels/workbook.xml.rels
20:38:11.063 [main] DEBUG org.apache.poi.openxml4j.opc.PackageRelationshipCollection - Parsing relationship: /xl/worksheets/_rels/sheet1.xml.rels
20:38:11.065 [main] DEBUG org.apache.poi.openxml4j.opc.PackageRelationshipCollection - Parsing relationship: /_rels/.rels
20:38:11.093 [main] DEBUG org.apache.poi.openxml4j.opc.PackageRelationshipCollection - Parsing relationship: /xl/_rels/workbook.xml.rels
20:38:11.093 [main] DEBUG org.apache.poi.openxml4j.opc.PackageRelationshipCollection - Parsing relationship: /xl/worksheets/_rels/sheet1.xml.rels
20:38:11.097 [main] DEBUG org.apache.poi.openxml4j.opc.PackageRelationshipCollection - Parsing relationship: /_rels/.rels
20:38:11.107 [main] DEBUG org.apache.poi.openxml4j.opc.PackageRelationshipCollection - Parsing relationship: /xl/_rels/workbook.xml.rels
20:38:11.123 [main] DEBUG org.apache.poi.openxml4j.opc.PackageRelationshipCollection - Parsing relationship: /xl/worksheets/_rels/sheet1.xml.rels
20:38:11.123 [main] DEBUG org.apache.poi.openxml4j.opc.PackageRelationshipCollection - Parsing relationship: /_rels/.rels
20:38:11.144 [main] DEBUG org.apache.poi.openxml4j.opc.PackageRelationshipCollection - Parsing relationship: /xl/_rels/workbook.xml.rels
20:38:11.150 [main] DEBUG org.apache.poi.openxml4j.opc.PackageRelationshipCollection - Parsing relationship: /xl/worksheets/_rels/sheet1.xml.rels
20:38:11.152 [main] DEBUG org.apache.poi.openxml4j.opc.PackageRelationshipCollection - Parsing relationship: /_rels/.rels
20:38:11.171 [main] DEBUG org.apache.poi.openxml4j.opc.PackageRelationshipCollection - Parsing relationship: /xl/_rels/workbook.xml.rels
20:38:11.171 [main] DEBUG org.apache.poi.openxml4j.opc.PackageRelationshipCollection - Parsing relationship: /xl/worksheets/_rels/sheet1.xml.rels
20:38:11.171 [main] DEBUG org.apache.poi.openxml4j.opc.PackageRelationshipCollection - Parsing relationship: /_rels/.rels
20:38:11.204 [main] DEBUG org.apache.poi.openxml4j.opc.PackageRelationshipCollection - Parsing relationship: /xl/_rels/workbook.xml.rels
20:38:11.208 [main] DEBUG org.apache.poi.openxml4j.opc.PackageRelationshipCollection - Parsing relationship: /xl/worksheets/_rels/sheet1.xml.rels
20:38:11.210 [main] DEBUG org.apache.poi.openxml4j.opc.PackageRelationshipCollection - Parsing relationship: /_rels/.rels
20:38:11.224 [main] DEBUG org.apache.poi.openxml4j.opc.PackageRelationshipCollection - Parsing relationship: /xl/_rels/workbook.xml.rels
20:38:11.224 [main] DEBUG org.apache.poi.openxml4j.opc.PackageRelationshipCollection - Parsing relationship: /xl/worksheets/_rels/sheet1.xml.rels
20:38:11.224 [main] DEBUG org.apache.poi.openxml4j.opc.PackageRelationshipCollection - Parsing relationship: /_rels/.rels
20:38:11.254 [main] DEBUG org.apache.poi.openxml4j.opc.PackageRelationshipCollection - Parsing relationship: /xl/_rels/workbook.xml.rels
20:38:11.254 [main] DEBUG org.apache.poi.openxml4j.opc.PackageRelationshipCollection - Parsing relationship: /xl/worksheets/_rels/sheet1.xml.rels
20:38:11.256 [main] DEBUG org.apache.poi.openxml4j.opc.PackageRelationshipCollection - Parsing relationship: /_rels/.rels
20:38:11.281 [main] DEBUG org.apache.poi.openxml4j.opc.PackageRelationshipCollection - Parsing relationship: /xl/_rels/workbook.xml.rels
20:38:11.281 [main] DEBUG org.apache.poi.openxml4j.opc.PackageRelationshipCollection - Parsing relationship: /xl/worksheets/_rels/sheet1.xml.rels
20:38:11.283 [main] DEBUG org.apache.poi.openxml4j.opc.PackageRelationshipCollection - Parsing relationship: /_rels/.rels
20:38:11.302 [main] DEBUG org.apache.poi.openxml4j.opc.PackageRelationshipCollection - Parsing relationship: /xl/_rels/workbook.xml.rels
20:38:11.302 [main] DEBUG org.apache.poi.openxml4j.opc.PackageRelationshipCollection - Parsing relationship: /xl/worksheets/_rels/sheet1.xml.rels
20:38:11.302 [main] DEBUG org.apache.poi.openxml4j.opc.PackageRelationshipCollection - Parsing relationship: /_rels/.rels
20:38:11.328 [main] DEBUG org.apache.poi.openxml4j.opc.PackageRelationshipCollection - Parsing relationship: /xl/_rels/workbook.xml.rels
20:38:11.328 [main] DEBUG org.apache.poi.openxml4j.opc.PackageRelationshipCollection - Parsing relationship: /xl/worksheets/_rels/sheet1.xml.rels
20:38:11.333 [main] DEBUG org.apache.poi.openxml4j.opc.PackageRelationshipCollection - Parsing relationship: /_rels/.rels
20:38:11.351 [main] DEBUG org.apache.poi.openxml4j.opc.PackageRelationshipCollection - Parsing relationship: /xl/_rels/workbook.xml.rels
20:38:11.354 [main] DEBUG org.apache.poi.openxml4j.opc.PackageRelationshipCollection - Parsing relationship: /xl/worksheets/_rels/sheet1.xml.rels
20:38:11.355 [main] DEBUG org.apache.poi.openxml4j.opc.PackageRelationshipCollection - Parsing relationship: /_rels/.rels
20:38:11.375 [main] DEBUG org.apache.poi.openxml4j.opc.PackageRelationshipCollection - Parsing relationship: /xl/_rels/workbook.xml.rels
20:38:11.377 [main] DEBUG org.apache.poi.openxml4j.opc.PackageRelationshipCollection - Parsing relationship: /xl/worksheets/_rels/sheet1.xml.rels
20:38:11.377 [main] DEBUG org.apache.poi.openxml4j.opc.PackageRelationshipCollection - Parsing relationship: /_rels/.rels
20:38:11.396 [main] DEBUG org.apache.poi.openxml4j.opc.PackageRelationshipCollection - Parsing relationship: /xl/_rels/workbook.xml.rels
20:38:11.396 [main] DEBUG org.apache.poi.openxml4j.opc.PackageRelationshipCollection - Parsing relationship: /xl/worksheets/_rels/sheet1.xml.rels
20:38:11.397 [main] DEBUG org.apache.poi.openxml4j.opc.PackageRelationshipCollection - Parsing relationship: /_rels/.rels
20:38:11.415 [main] DEBUG org.apache.poi.openxml4j.opc.PackageRelationshipCollection - Parsing relationship: /xl/_rels/workbook.xml.rels
20:38:11.415 [main] DEBUG org.apache.poi.openxml4j.opc.PackageRelationshipCollection - Parsing relationship: /xl/worksheets/_rels/sheet1.xml.rels
20:38:11.415 [main] DEBUG org.apache.poi.openxml4j.opc.PackageRelationshipCollection - Parsing relationship: /_rels/.rels
20:38:11.429 [main] DEBUG org.apache.poi.openxml4j.opc.PackageRelationshipCollection - Parsing relationship: /xl/_rels/workbook.xml.rels
20:38:11.429 [main] DEBUG org.apache.poi.openxml4j.opc.PackageRelationshipCollection - Parsing relationship: /xl/worksheets/_rels/sheet1.xml.rels
20:38:11.429 [main] DEBUG org.apache.poi.openxml4j.opc.PackageRelationshipCollection - Parsing relationship: /_rels/.rels
20:38:11.453 [main] DEBUG org.apache.poi.openxml4j.opc.PackageRelationshipCollection - Parsing relationship: /xl/_rels/workbook.xml.rels
20:38:11.455 [main] DEBUG org.apache.poi.openxml4j.opc.PackageRelationshipCollection - Parsing relationship: /xl/worksheets/_rels/sheet1.xml.rels
20:38:11.455 [main] DEBUG org.apache.poi.openxml4j.opc.PackageRelationshipCollection - Parsing relationship: /_rels/.rels
20:38:11.472 [main] DEBUG org.apache.poi.openxml4j.opc.PackageRelationshipCollection - Parsing relationship: /xl/_rels/workbook.xml.rels
20:38:11.474 [main] DEBUG org.apache.poi.openxml4j.opc.PackageRelationshipCollection - Parsing relationship: /xl/worksheets/_rels/sheet1.xml.rels
20:38:11.476 [main] DEBUG org.apache.poi.openxml4j.opc.PackageRelationshipCollection - Parsing relationship: /_rels/.rels
20:38:11.492 [main] DEBUG org.apache.poi.openxml4j.opc.PackageRelationshipCollection - Parsing relationship: /xl/_rels/workbook.xml.rels
20:38:11.492 [main] DEBUG org.apache.poi.openxml4j.opc.PackageRelationshipCollection - Parsing relationship: /xl/worksheets/_rels/sheet1.xml.rels
20:38:11.492 [main] DEBUG org.apache.poi.openxml4j.opc.PackageRelationshipCollection - Parsing relationship: /_rels/.rels
20:38:11.512 [main] DEBUG org.apache.poi.openxml4j.opc.PackageRelationshipCollection - Parsing relationship: /xl/_rels/workbook.xml.rels
20:38:11.512 [main] DEBUG org.apache.poi.openxml4j.opc.PackageRelationshipCollection - Parsing relationship: /xl/worksheets/_rels/sheet1.xml.rels
20:38:11.512 [main] DEBUG org.apache.poi.openxml4j.opc.PackageRelationshipCollection - Parsing relationship: /_rels/.rels
20:38:11.548 [main] INFO  TestCases.TC003_LoginDDT - **** Starting TC003_LoginDDT ****
20:38:13.736 [main] INFO  TestCases.TC003_LoginDDT - **** Finished TC003_LoginDDT ****
20:38:13.736 [main] INFO  TestCases.TC003_LoginDDT - **** Starting TC003_LoginDDT ****
20:38:24.639 [main] INFO  TestCases.TC003_LoginDDT - **** Finished TC003_LoginDDT ****
20:38:24.639 [main] INFO  TestCases.TC003_LoginDDT - **** Starting TC003_LoginDDT ****
20:38:35.360 [main] INFO  TestCases.TC003_LoginDDT - **** Finished TC003_LoginDDT ****
20:38:35.371 [main] INFO  TestCases.TC003_LoginDDT - **** Starting TC003_LoginDDT ****
20:38:46.814 [main] INFO  TestCases.TC003_LoginDDT - **** Finished TC003_LoginDDT ****
20:38:46.821 [main] INFO  TestCases.TC003_LoginDDT - **** Starting TC003_LoginDDT ****
20:38:48.973 [main] INFO  TestCases.TC003_LoginDDT - **** Finished TC003_LoginDDT ****
20:38:48.979 [main] INFO  TestCases.TC003_LoginDDT - **** Starting TC003_LoginDDT ****
20:39:00.709 [main] INFO  TestCases.TC003_LoginDDT - **** Finished TC003_LoginDDT ****
20:39:00.713 [main] INFO  TestCases.TC003_LoginDDT - **** Starting TC003_LoginDDT ****
20:39:13.338 [main] INFO  TestCases.TC003_LoginDDT - **** Finished TC003_LoginDDT ****
09:14:20.292 [main] DEBUG org.testng.TestNG - suiteXmlPath: "C:\Users\MAHESH\eclipse-workspace\DummyOpenCart\grouping.xml"
09:14:20.487 [main] INFO  org.testng.internal.Utils - [TestNG] Running:
  C:\Users\MAHESH\eclipse-workspace\DummyOpenCart\grouping.xml

09:14:30.938 [main] INFO  TestCases.TC001_AccountRegistrationTest - **** Started TC001_AccountRegistrationTest ****
09:14:31.136 [main] INFO  TestCases.TC001_AccountRegistrationTest - click on my account
09:14:31.653 [main] INFO  TestCases.TC001_AccountRegistrationTest - click on Register
09:14:31.653 [main] INFO  TestCases.TC001_AccountRegistrationTest - Providing customer details
09:14:34.384 [main] INFO  TestCases.TC001_AccountRegistrationTest - validation information
09:14:34.412 [main] INFO  TestCases.TC001_AccountRegistrationTest - **** Finished TC001_AccountRegistrationTest ****
09:17:10.016 [main] DEBUG org.testng.TestNG - suiteXmlPath: "C:\Users\MAHESH\eclipse-workspace\DummyOpenCart\grouping.xml"
09:17:10.204 [main] INFO  org.testng.internal.Utils - [TestNG] Running:
  C:\Users\MAHESH\eclipse-workspace\DummyOpenCart\grouping.xml

09:17:12.197 [main] INFO  TestCases.TC002_LoginTest - **** Starting TC002_LoginTest ****
09:17:13.727 [main] INFO  TestCases.TC002_LoginTest - **** Finished TC002_LoginTest ****
14:36:21.866 [main] DEBUG org.testng.TestNG - suiteXmlPath: "C:\Users\MAHESH\eclipse-workspace\DummyOpenCart\grouping.xml"
14:36:22.052 [main] INFO  org.testng.internal.Utils - [TestNG] Running:
  C:\Users\MAHESH\eclipse-workspace\DummyOpenCart\grouping.xml

14:36:26.710 [main] INFO  TestCases.TC002_LoginTest - **** Starting TC002_LoginTest ****
14:36:28.794 [main] INFO  TestCases.TC002_LoginTest - **** Finished TC002_LoginTest ****
14:37:54.729 [main] DEBUG org.testng.TestNG - suiteXmlPath: "C:\Users\MAHESH\eclipse-workspace\DummyOpenCart\grouping.xml"
14:37:54.936 [main] INFO  org.testng.internal.Utils - [TestNG] Running:
  C:\Users\MAHESH\eclipse-workspace\DummyOpenCart\grouping.xml

14:38:16.308 [main] INFO  TestCases.TC001_AccountRegistrationTest - **** Started TC001_AccountRegistrationTest ****
14:38:16.467 [main] INFO  TestCases.TC001_AccountRegistrationTest - click on my account
14:38:16.927 [main] INFO  TestCases.TC001_AccountRegistrationTest - click on Register
14:38:16.929 [main] INFO  TestCases.TC001_AccountRegistrationTest - Providing customer details
14:38:19.656 [main] INFO  TestCases.TC001_AccountRegistrationTest - validation information
14:38:19.696 [main] INFO  TestCases.TC001_AccountRegistrationTest - **** Finished TC001_AccountRegistrationTest ****
14:38:21.774 [main] INFO  TestCases.TC002_LoginTest - **** Starting TC002_LoginTest ****
14:38:23.394 [main] INFO  TestCases.TC002_LoginTest - **** Finished TC002_LoginTest ****
14:47:55.711 [main] DEBUG org.testng.TestNG - suiteXmlPath: "C:\Users\MAHESH\eclipse-workspace\DummyOpenCart\grouping.xml"
14:47:55.903 [main] INFO  org.testng.internal.Utils - [TestNG] Running:
  C:\Users\MAHESH\eclipse-workspace\DummyOpenCart\grouping.xml

14:47:58.526 [main] INFO  TestCases.TC001_AccountRegistrationTest - **** Started TC001_AccountRegistrationTest ****
14:47:58.656 [main] INFO  TestCases.TC001_AccountRegistrationTest - click on my account
14:47:59.179 [main] INFO  TestCases.TC001_AccountRegistrationTest - click on Register
14:47:59.182 [main] INFO  TestCases.TC001_AccountRegistrationTest - Providing customer details
14:48:01.964 [main] INFO  TestCases.TC001_AccountRegistrationTest - validation information
14:48:02.001 [main] INFO  TestCases.TC001_AccountRegistrationTest - **** Finished TC001_AccountRegistrationTest ****
14:48:04.117 [main] INFO  TestCases.TC002_LoginTest - **** Starting TC002_LoginTest ****
14:48:05.647 [main] INFO  TestCases.TC002_LoginTest - **** Finished TC002_LoginTest ****
14:50:27.889 [main] DEBUG org.testng.TestNG - suiteXmlPath: "C:\Users\MAHESH\eclipse-workspace\DummyOpenCart\grouping.xml"
14:50:28.074 [main] INFO  org.testng.internal.Utils - [TestNG] Running:
  C:\Users\MAHESH\eclipse-workspace\DummyOpenCart\grouping.xml

14:50:30.300 [main] INFO  TestCases.TC001_AccountRegistrationTest - **** Started TC001_AccountRegistrationTest ****
14:50:30.487 [main] INFO  TestCases.TC001_AccountRegistrationTest - click on my account
14:50:30.934 [main] INFO  TestCases.TC001_AccountRegistrationTest - click on Register
14:50:30.934 [main] INFO  TestCases.TC001_AccountRegistrationTest - Providing customer details
14:50:33.333 [main] INFO  TestCases.TC001_AccountRegistrationTest - validation information
14:50:33.363 [main] INFO  TestCases.TC001_AccountRegistrationTest - **** Finished TC001_AccountRegistrationTest ****
14:50:35.192 [main] INFO  TestCases.TC002_LoginTest - **** Starting TC002_LoginTest ****
14:55:14.091 [main] DEBUG org.testng.TestNG - suiteXmlPath: "C:\Users\MAHESH\eclipse-workspace\DummyOpenCart\grouping.xml"
14:55:14.278 [main] INFO  org.testng.internal.Utils - [TestNG] Running:
  C:\Users\MAHESH\eclipse-workspace\DummyOpenCart\grouping.xml

14:55:16.967 [main] INFO  TestCases.TC001_AccountRegistrationTest - **** Started TC001_AccountRegistrationTest ****
14:55:17.105 [main] INFO  TestCases.TC001_AccountRegistrationTest - click on my account
14:55:17.587 [main] INFO  TestCases.TC001_AccountRegistrationTest - click on Register
14:55:17.587 [main] INFO  TestCases.TC001_AccountRegistrationTest - Providing customer details
14:55:19.887 [main] INFO  TestCases.TC001_AccountRegistrationTest - validation information
14:55:19.921 [main] INFO  TestCases.TC001_AccountRegistrationTest - **** Finished TC001_AccountRegistrationTest ****
14:55:23.696 [main] INFO  TestCases.TC002_LoginTest - **** Starting TC002_LoginTest ****
14:55:25.459 [main] INFO  TestCases.TC002_LoginTest - **** Finished TC002_LoginTest ****
15:27:05.624 [main] DEBUG org.testng.TestNG - suiteXmlPath: "C:\Users\MAHESH\eclipse-workspace\DummyOpenCart\test-output\testng-failed.xml"
15:27:05.792 [main] INFO  org.testng.internal.Utils - [TestNG] Running:
  C:\Users\MAHESH\eclipse-workspace\DummyOpenCart\test-output\testng-failed.xml

15:27:08.224 [main] INFO  TestCases.TC002_LoginTest - **** Starting TC002_LoginTest ****
15:27:09.784 [main] INFO  TestCases.TC002_LoginTest - **** Finished TC002_LoginTest ****
19:20:27.432 [main] DEBUG org.testng.TestNG - suiteXmlPath: "C:\Users\MAHESH\eclipse-workspace\DummyOpenCart\master.xml"
19:20:27.615 [main] INFO  org.testng.internal.Utils - [TestNG] Running:
  C:\Users\MAHESH\eclipse-workspace\DummyOpenCart\master.xml

19:20:33.720 [main] DEBUG org.apache.poi.openxml4j.opc.PackageRelationshipCollection - Parsing relationship: /xl/_rels/workbook.xml.rels
19:20:33.737 [main] DEBUG org.apache.poi.openxml4j.opc.PackageRelationshipCollection - Parsing relationship: /xl/worksheets/_rels/sheet1.xml.rels
19:20:33.741 [main] DEBUG org.apache.poi.openxml4j.opc.PackageRelationshipCollection - Parsing relationship: /_rels/.rels
19:20:34.580 [main] DEBUG org.apache.poi.openxml4j.opc.PackageRelationshipCollection - Parsing relationship: /xl/_rels/workbook.xml.rels
19:20:34.583 [main] DEBUG org.apache.poi.openxml4j.opc.PackageRelationshipCollection - Parsing relationship: /xl/worksheets/_rels/sheet1.xml.rels
19:20:34.583 [main] DEBUG org.apache.poi.openxml4j.opc.PackageRelationshipCollection - Parsing relationship: /_rels/.rels
19:20:34.631 [main] DEBUG org.apache.poi.openxml4j.opc.PackageRelationshipCollection - Parsing relationship: /xl/_rels/workbook.xml.rels
19:20:34.631 [main] DEBUG org.apache.poi.openxml4j.opc.PackageRelationshipCollection - Parsing relationship: /xl/worksheets/_rels/sheet1.xml.rels
19:20:34.631 [main] DEBUG org.apache.poi.openxml4j.opc.PackageRelationshipCollection - Parsing relationship: /_rels/.rels
19:20:34.675 [main] DEBUG org.apache.poi.openxml4j.opc.PackageRelationshipCollection - Parsing relationship: /xl/_rels/workbook.xml.rels
19:20:34.680 [main] DEBUG org.apache.poi.openxml4j.opc.PackageRelationshipCollection - Parsing relationship: /xl/worksheets/_rels/sheet1.xml.rels
19:20:34.681 [main] DEBUG org.apache.poi.openxml4j.opc.PackageRelationshipCollection - Parsing relationship: /_rels/.rels
19:20:34.708 [main] DEBUG org.apache.poi.openxml4j.opc.PackageRelationshipCollection - Parsing relationship: /xl/_rels/workbook.xml.rels
19:20:34.708 [main] DEBUG org.apache.poi.openxml4j.opc.PackageRelationshipCollection - Parsing relationship: /xl/worksheets/_rels/sheet1.xml.rels
19:20:34.708 [main] DEBUG org.apache.poi.openxml4j.opc.PackageRelationshipCollection - Parsing relationship: /_rels/.rels
19:20:34.741 [main] DEBUG org.apache.poi.openxml4j.opc.PackageRelationshipCollection - Parsing relationship: /xl/_rels/workbook.xml.rels
19:20:34.743 [main] DEBUG org.apache.poi.openxml4j.opc.PackageRelationshipCollection - Parsing relationship: /xl/worksheets/_rels/sheet1.xml.rels
19:20:34.743 [main] DEBUG org.apache.poi.openxml4j.opc.PackageRelationshipCollection - Parsing relationship: /_rels/.rels
19:20:34.768 [main] DEBUG org.apache.poi.openxml4j.opc.PackageRelationshipCollection - Parsing relationship: /xl/_rels/workbook.xml.rels
19:20:34.770 [main] DEBUG org.apache.poi.openxml4j.opc.PackageRelationshipCollection - Parsing relationship: /xl/worksheets/_rels/sheet1.xml.rels
19:20:34.771 [main] DEBUG org.apache.poi.openxml4j.opc.PackageRelationshipCollection - Parsing relationship: /_rels/.rels
19:20:34.792 [main] DEBUG org.apache.poi.openxml4j.opc.PackageRelationshipCollection - Parsing relationship: /xl/_rels/workbook.xml.rels
19:20:34.792 [main] DEBUG org.apache.poi.openxml4j.opc.PackageRelationshipCollection - Parsing relationship: /xl/worksheets/_rels/sheet1.xml.rels
19:20:34.795 [main] DEBUG org.apache.poi.openxml4j.opc.PackageRelationshipCollection - Parsing relationship: /_rels/.rels
19:20:34.820 [main] DEBUG org.apache.poi.openxml4j.opc.PackageRelationshipCollection - Parsing relationship: /xl/_rels/workbook.xml.rels
19:20:34.820 [main] DEBUG org.apache.poi.openxml4j.opc.PackageRelationshipCollection - Parsing relationship: /xl/worksheets/_rels/sheet1.xml.rels
19:20:34.822 [main] DEBUG org.apache.poi.openxml4j.opc.PackageRelationshipCollection - Parsing relationship: /_rels/.rels
19:20:34.839 [main] DEBUG org.apache.poi.openxml4j.opc.PackageRelationshipCollection - Parsing relationship: /xl/_rels/workbook.xml.rels
19:20:34.840 [main] DEBUG org.apache.poi.openxml4j.opc.PackageRelationshipCollection - Parsing relationship: /xl/worksheets/_rels/sheet1.xml.rels
19:20:34.841 [main] DEBUG org.apache.poi.openxml4j.opc.PackageRelationshipCollection - Parsing relationship: /_rels/.rels
19:20:34.862 [main] DEBUG org.apache.poi.openxml4j.opc.PackageRelationshipCollection - Parsing relationship: /xl/_rels/workbook.xml.rels
19:20:34.864 [main] DEBUG org.apache.poi.openxml4j.opc.PackageRelationshipCollection - Parsing relationship: /xl/worksheets/_rels/sheet1.xml.rels
19:20:34.864 [main] DEBUG org.apache.poi.openxml4j.opc.PackageRelationshipCollection - Parsing relationship: /_rels/.rels
19:20:34.881 [main] DEBUG org.apache.poi.openxml4j.opc.PackageRelationshipCollection - Parsing relationship: /xl/_rels/workbook.xml.rels
19:20:34.881 [main] DEBUG org.apache.poi.openxml4j.opc.PackageRelationshipCollection - Parsing relationship: /xl/worksheets/_rels/sheet1.xml.rels
19:20:34.884 [main] DEBUG org.apache.poi.openxml4j.opc.PackageRelationshipCollection - Parsing relationship: /_rels/.rels
19:20:34.900 [main] DEBUG org.apache.poi.openxml4j.opc.PackageRelationshipCollection - Parsing relationship: /xl/_rels/workbook.xml.rels
19:20:34.901 [main] DEBUG org.apache.poi.openxml4j.opc.PackageRelationshipCollection - Parsing relationship: /xl/worksheets/_rels/sheet1.xml.rels
19:20:34.901 [main] DEBUG org.apache.poi.openxml4j.opc.PackageRelationshipCollection - Parsing relationship: /_rels/.rels
19:20:34.916 [main] DEBUG org.apache.poi.openxml4j.opc.PackageRelationshipCollection - Parsing relationship: /xl/_rels/workbook.xml.rels
19:20:34.916 [main] DEBUG org.apache.poi.openxml4j.opc.PackageRelationshipCollection - Parsing relationship: /xl/worksheets/_rels/sheet1.xml.rels
19:20:34.916 [main] DEBUG org.apache.poi.openxml4j.opc.PackageRelationshipCollection - Parsing relationship: /_rels/.rels
19:20:34.932 [main] DEBUG org.apache.poi.openxml4j.opc.PackageRelationshipCollection - Parsing relationship: /xl/_rels/workbook.xml.rels
19:20:34.932 [main] DEBUG org.apache.poi.openxml4j.opc.PackageRelationshipCollection - Parsing relationship: /xl/worksheets/_rels/sheet1.xml.rels
19:20:34.932 [main] DEBUG org.apache.poi.openxml4j.opc.PackageRelationshipCollection - Parsing relationship: /_rels/.rels
19:20:34.956 [main] DEBUG org.apache.poi.openxml4j.opc.PackageRelationshipCollection - Parsing relationship: /xl/_rels/workbook.xml.rels
19:20:34.958 [main] DEBUG org.apache.poi.openxml4j.opc.PackageRelationshipCollection - Parsing relationship: /xl/worksheets/_rels/sheet1.xml.rels
19:20:34.958 [main] DEBUG org.apache.poi.openxml4j.opc.PackageRelationshipCollection - Parsing relationship: /_rels/.rels
19:20:34.973 [main] DEBUG org.apache.poi.openxml4j.opc.PackageRelationshipCollection - Parsing relationship: /xl/_rels/workbook.xml.rels
19:20:34.973 [main] DEBUG org.apache.poi.openxml4j.opc.PackageRelationshipCollection - Parsing relationship: /xl/worksheets/_rels/sheet1.xml.rels
19:20:34.975 [main] DEBUG org.apache.poi.openxml4j.opc.PackageRelationshipCollection - Parsing relationship: /_rels/.rels
19:20:34.993 [main] DEBUG org.apache.poi.openxml4j.opc.PackageRelationshipCollection - Parsing relationship: /xl/_rels/workbook.xml.rels
19:20:34.995 [main] DEBUG org.apache.poi.openxml4j.opc.PackageRelationshipCollection - Parsing relationship: /xl/worksheets/_rels/sheet1.xml.rels
19:20:34.995 [main] DEBUG org.apache.poi.openxml4j.opc.PackageRelationshipCollection - Parsing relationship: /_rels/.rels
19:20:35.011 [main] DEBUG org.apache.poi.openxml4j.opc.PackageRelationshipCollection - Parsing relationship: /xl/_rels/workbook.xml.rels
19:20:35.014 [main] DEBUG org.apache.poi.openxml4j.opc.PackageRelationshipCollection - Parsing relationship: /xl/worksheets/_rels/sheet1.xml.rels
19:20:35.014 [main] DEBUG org.apache.poi.openxml4j.opc.PackageRelationshipCollection - Parsing relationship: /_rels/.rels
19:20:35.030 [main] DEBUG org.apache.poi.openxml4j.opc.PackageRelationshipCollection - Parsing relationship: /xl/_rels/workbook.xml.rels
19:20:35.030 [main] DEBUG org.apache.poi.openxml4j.opc.PackageRelationshipCollection - Parsing relationship: /xl/worksheets/_rels/sheet1.xml.rels
19:20:35.033 [main] DEBUG org.apache.poi.openxml4j.opc.PackageRelationshipCollection - Parsing relationship: /_rels/.rels
19:20:35.044 [main] DEBUG org.apache.poi.openxml4j.opc.PackageRelationshipCollection - Parsing relationship: /xl/_rels/workbook.xml.rels
19:20:35.046 [main] DEBUG org.apache.poi.openxml4j.opc.PackageRelationshipCollection - Parsing relationship: /xl/worksheets/_rels/sheet1.xml.rels
19:20:35.048 [main] DEBUG org.apache.poi.openxml4j.opc.PackageRelationshipCollection - Parsing relationship: /_rels/.rels
19:20:35.060 [main] DEBUG org.apache.poi.openxml4j.opc.PackageRelationshipCollection - Parsing relationship: /xl/_rels/workbook.xml.rels
19:20:35.060 [main] DEBUG org.apache.poi.openxml4j.opc.PackageRelationshipCollection - Parsing relationship: /xl/worksheets/_rels/sheet1.xml.rels
19:20:35.060 [main] DEBUG org.apache.poi.openxml4j.opc.PackageRelationshipCollection - Parsing relationship: /_rels/.rels
19:20:35.081 [main] DEBUG org.apache.poi.openxml4j.opc.PackageRelationshipCollection - Parsing relationship: /xl/_rels/workbook.xml.rels
19:20:35.081 [main] DEBUG org.apache.poi.openxml4j.opc.PackageRelationshipCollection - Parsing relationship: /xl/worksheets/_rels/sheet1.xml.rels
19:20:35.081 [main] DEBUG org.apache.poi.openxml4j.opc.PackageRelationshipCollection - Parsing relationship: /_rels/.rels
19:20:35.112 [main] INFO  TestCases.TC003_LoginDDT - **** Starting TC003_LoginDDT ****
19:20:38.441 [main] INFO  TestCases.TC003_LoginDDT - **** Finished TC003_LoginDDT ****
19:20:38.480 [main] INFO  TestCases.TC003_LoginDDT - **** Starting TC003_LoginDDT ****
19:20:51.551 [main] INFO  TestCases.TC003_LoginDDT - **** Finished TC003_LoginDDT ****
19:20:51.553 [main] INFO  TestCases.TC003_LoginDDT - **** Starting TC003_LoginDDT ****
19:21:03.002 [main] INFO  TestCases.TC003_LoginDDT - **** Finished TC003_LoginDDT ****
19:21:03.006 [main] INFO  TestCases.TC003_LoginDDT - **** Starting TC003_LoginDDT ****
19:21:14.951 [main] INFO  TestCases.TC003_LoginDDT - **** Finished TC003_LoginDDT ****
19:21:14.953 [main] INFO  TestCases.TC003_LoginDDT - **** Starting TC003_LoginDDT ****
19:21:18.737 [main] INFO  TestCases.TC003_LoginDDT - **** Finished TC003_LoginDDT ****
19:21:18.739 [main] INFO  TestCases.TC003_LoginDDT - **** Starting TC003_LoginDDT ****
19:21:29.446 [main] INFO  TestCases.TC003_LoginDDT - **** Finished TC003_LoginDDT ****
19:21:29.451 [main] INFO  TestCases.TC003_LoginDDT - **** Starting TC003_LoginDDT ****
19:21:41.503 [main] INFO  TestCases.TC003_LoginDDT - **** Finished TC003_LoginDDT ****
19:23:02.163 [main] DEBUG org.testng.TestNG - suiteXmlPath: "C:\Users\MAHESH\eclipse-workspace\DummyOpenCart\crossbrowsertesting.xml"
19:23:02.363 [main] INFO  org.testng.internal.Utils - [TestNG] Running:
  C:\Users\MAHESH\eclipse-workspace\DummyOpenCart\crossbrowsertesting.xml

19:23:02.469 [TestNG-tests-3] INFO  TestCases.TC001_AccountRegistrationTest - **** Started TC001_AccountRegistrationTest ****
19:23:02.486 [TestNG-tests-3] ERROR TestCases.TC001_AccountRegistrationTest - Test failed......
19:23:13.808 [TestNG-tests-1] INFO  TestCases.TC001_AccountRegistrationTest - **** Started TC001_AccountRegistrationTest ****
19:23:13.808 [TestNG-tests-2] INFO  TestCases.TC001_AccountRegistrationTest - **** Started TC001_AccountRegistrationTest ****
19:23:13.967 [TestNG-tests-1] INFO  TestCases.TC001_AccountRegistrationTest - click on my account
19:23:14.059 [TestNG-tests-2] INFO  TestCases.TC001_AccountRegistrationTest - click on my account
19:23:24.117 [TestNG-tests-1] ERROR TestCases.TC001_AccountRegistrationTest - Test failed......
19:23:34.182 [TestNG-tests-2] ERROR TestCases.TC001_AccountRegistrationTest - Test failed......
21:30:58.847 [main] DEBUG org.testng.TestNG - suiteXmlPath: "C:\Users\MAHESH\eclipse-workspace\DummyOpenCart\grouping.xml"
21:30:59.061 [main] INFO  org.testng.internal.Utils - [TestNG] Running:
  C:\Users\MAHESH\eclipse-workspace\DummyOpenCart\grouping.xml

21:31:05.047 [main] INFO  TestCases.TC001_AccountRegistrationTest - **** Started TC001_AccountRegistrationTest ****
21:31:05.255 [main] INFO  TestCases.TC001_AccountRegistrationTest - click on my account
21:31:06.263 [main] INFO  TestCases.TC001_AccountRegistrationTest - click on Register
21:31:06.271 [main] INFO  TestCases.TC001_AccountRegistrationTest - Providing customer details
21:31:08.947 [main] INFO  TestCases.TC001_AccountRegistrationTest - validation information
21:31:08.997 [main] INFO  TestCases.TC001_AccountRegistrationTest - **** Finished TC001_AccountRegistrationTest ****
21:31:13.533 [main] INFO  TestCases.TC002_LoginTest - **** Starting TC002_LoginTest ****
21:31:15.430 [main] INFO  TestCases.TC002_LoginTest - **** Finished TC002_LoginTest ****
10:57:05.270 [main] DEBUG org.testng.TestNG - suiteXmlPath: "C:\Users\MAHESH\eclipse-workspace\DummyOpenCart\grid.docker.xml"
10:57:05.455 [main] INFO  org.testng.internal.Utils - [TestNG] Running:
  C:\Users\MAHESH\eclipse-workspace\DummyOpenCart\grid.docker.xml

10:57:10.975 [main] INFO  TestCases.TC001_AccountRegistrationTest - **** Started TC001_AccountRegistrationTest ****
10:57:11.147 [main] INFO  TestCases.TC001_AccountRegistrationTest - click on my account
10:57:11.583 [main] INFO  TestCases.TC001_AccountRegistrationTest - click on Register
10:57:11.593 [main] INFO  TestCases.TC001_AccountRegistrationTest - Providing customer details
10:57:13.990 [main] INFO  TestCases.TC001_AccountRegistrationTest - validation information
10:57:14.023 [main] INFO  TestCases.TC001_AccountRegistrationTest - **** Finished TC001_AccountRegistrationTest ****
10:57:16.162 [main] INFO  TestCases.TC002_LoginTest - **** Starting TC002_LoginTest ****
10:57:17.453 [main] INFO  TestCases.TC002_LoginTest - **** Finished TC002_LoginTest ****
10:58:21.067 [main] DEBUG org.testng.TestNG - suiteXmlPath: "C:\Users\MAHESH\eclipse-workspace\DummyOpenCart\grid.docker.xml"
10:58:56.262 [main] DEBUG org.testng.TestNG - suiteXmlPath: "C:\Users\MAHESH\eclipse-workspace\DummyOpenCart\grid.docker.xml"
10:58:56.457 [main] INFO  org.testng.internal.Utils - [TestNG] Running:
  C:\Users\MAHESH\eclipse-workspace\DummyOpenCart\grid.docker.xml

10:58:59.983 [main] INFO  TestCases.TC001_AccountRegistrationTest - **** Started TC001_AccountRegistrationTest ****
10:59:00.177 [main] INFO  TestCases.TC001_AccountRegistrationTest - click on my account
10:59:01.145 [main] INFO  TestCases.TC001_AccountRegistrationTest - click on Register
10:59:01.145 [main] INFO  TestCases.TC001_AccountRegistrationTest - Providing customer details
10:59:03.338 [main] INFO  TestCases.TC001_AccountRegistrationTest - validation information
10:59:03.373 [main] INFO  TestCases.TC001_AccountRegistrationTest - **** Finished TC001_AccountRegistrationTest ****
10:59:05.590 [main] INFO  TestCases.TC002_LoginTest - **** Starting TC002_LoginTest ****
10:59:07.283 [main] INFO  TestCases.TC002_LoginTest - **** Finished TC002_LoginTest ****
10:59:13.745 [main] INFO  TestCases.TC001_AccountRegistrationTest - **** Started TC001_AccountRegistrationTest ****
10:59:13.897 [main] INFO  TestCases.TC001_AccountRegistrationTest - click on my account
10:59:14.556 [main] INFO  TestCases.TC001_AccountRegistrationTest - click on Register
10:59:14.557 [main] INFO  TestCases.TC001_AccountRegistrationTest - Providing customer details
10:59:15.654 [main] INFO  TestCases.TC001_AccountRegistrationTest - validation information
10:59:15.733 [main] INFO  TestCases.TC001_AccountRegistrationTest - **** Finished TC001_AccountRegistrationTest ****
10:59:21.279 [main] INFO  TestCases.TC002_LoginTest - **** Starting TC002_LoginTest ****
10:59:22.910 [main] INFO  TestCases.TC002_LoginTest - **** Finished TC002_LoginTest ****
11:00:22.592 [main] DEBUG org.testng.TestNG - suiteXmlPath: "C:\Users\MAHESH\eclipse-workspace\DummyOpenCart\grid.docker.xml"
11:00:22.783 [main] INFO  org.testng.internal.Utils - [TestNG] Running:
  C:\Users\MAHESH\eclipse-workspace\DummyOpenCart\grid.docker.xml

11:06:23.658 [main] INFO  TestCases.TC001_AccountRegistrationTest - **** Started TC001_AccountRegistrationTest ****
11:06:23.673 [main] ERROR TestCases.TC001_AccountRegistrationTest - Test failed......
11:07:47.462 [main] DEBUG org.testng.TestNG - suiteXmlPath: "C:\Users\MAHESH\eclipse-workspace\DummyOpenCart\grid.docker.xml"
11:07:47.645 [main] INFO  org.testng.internal.Utils - [TestNG] Running:
  C:\Users\MAHESH\eclipse-workspace\DummyOpenCart\grid.docker.xml

11:07:47.805 [main] INFO  TestCases.TC001_AccountRegistrationTest - **** Started TC001_AccountRegistrationTest ****
11:07:47.819 [main] ERROR TestCases.TC001_AccountRegistrationTest - Test failed......
11:08:11.004 [main] DEBUG org.testng.TestNG - suiteXmlPath: "C:\Users\MAHESH\eclipse-workspace\DummyOpenCart\grid.docker.xml"
11:08:11.192 [main] INFO  org.testng.internal.Utils - [TestNG] Running:
  C:\Users\MAHESH\eclipse-workspace\DummyOpenCart\grid.docker.xml

11:08:11.348 [main] INFO  TestCases.TC001_AccountRegistrationTest - **** Started TC001_AccountRegistrationTest ****
11:08:11.361 [main] ERROR TestCases.TC001_AccountRegistrationTest - Test failed......
11:08:45.921 [main] DEBUG org.testng.TestNG - suiteXmlPath: "C:\Users\MAHESH\eclipse-workspace\DummyOpenCart\grid.docker.xml"
11:08:46.100 [main] INFO  org.testng.internal.Utils - [TestNG] Running:
  C:\Users\MAHESH\eclipse-workspace\DummyOpenCart\grid.docker.xml

11:29:21.026 [main] DEBUG org.testng.TestNG - suiteXmlPath: "C:\Users\MAHESH\eclipse-workspace\DummyOpenCart\grid-docker.xml"
11:29:21.234 [main] INFO  org.testng.internal.Utils - [TestNG] Running:
  C:\Users\MAHESH\eclipse-workspace\DummyOpenCart\grid-docker.xml

11:29:25.082 [main] DEBUG org.apache.poi.openxml4j.opc.PackageRelationshipCollection - Parsing relationship: /xl/_rels/workbook.xml.rels
11:29:25.082 [main] DEBUG org.apache.poi.openxml4j.opc.PackageRelationshipCollection - Parsing relationship: /xl/worksheets/_rels/sheet1.xml.rels
11:29:25.082 [main] DEBUG org.apache.poi.openxml4j.opc.PackageRelationshipCollection - Parsing relationship: /_rels/.rels
11:29:26.005 [main] DEBUG org.apache.poi.openxml4j.opc.PackageRelationshipCollection - Parsing relationship: /xl/_rels/workbook.xml.rels
11:29:26.005 [main] DEBUG org.apache.poi.openxml4j.opc.PackageRelationshipCollection - Parsing relationship: /xl/worksheets/_rels/sheet1.xml.rels
11:29:26.005 [main] DEBUG org.apache.poi.openxml4j.opc.PackageRelationshipCollection - Parsing relationship: /_rels/.rels
11:29:26.061 [main] DEBUG org.apache.poi.openxml4j.opc.PackageRelationshipCollection - Parsing relationship: /xl/_rels/workbook.xml.rels
11:29:26.063 [main] DEBUG org.apache.poi.openxml4j.opc.PackageRelationshipCollection - Parsing relationship: /xl/worksheets/_rels/sheet1.xml.rels
11:29:26.063 [main] DEBUG org.apache.poi.openxml4j.opc.PackageRelationshipCollection - Parsing relationship: /_rels/.rels
11:29:26.110 [main] DEBUG org.apache.poi.openxml4j.opc.PackageRelationshipCollection - Parsing relationship: /xl/_rels/workbook.xml.rels
11:29:26.110 [main] DEBUG org.apache.poi.openxml4j.opc.PackageRelationshipCollection - Parsing relationship: /xl/worksheets/_rels/sheet1.xml.rels
11:29:26.110 [main] DEBUG org.apache.poi.openxml4j.opc.PackageRelationshipCollection - Parsing relationship: /_rels/.rels
11:29:26.144 [main] DEBUG org.apache.poi.openxml4j.opc.PackageRelationshipCollection - Parsing relationship: /xl/_rels/workbook.xml.rels
11:29:26.144 [main] DEBUG org.apache.poi.openxml4j.opc.PackageRelationshipCollection - Parsing relationship: /xl/worksheets/_rels/sheet1.xml.rels
11:29:26.144 [main] DEBUG org.apache.poi.openxml4j.opc.PackageRelationshipCollection - Parsing relationship: /_rels/.rels
11:29:26.169 [main] DEBUG org.apache.poi.openxml4j.opc.PackageRelationshipCollection - Parsing relationship: /xl/_rels/workbook.xml.rels
11:29:26.170 [main] DEBUG org.apache.poi.openxml4j.opc.PackageRelationshipCollection - Parsing relationship: /xl/worksheets/_rels/sheet1.xml.rels
11:29:26.172 [main] DEBUG org.apache.poi.openxml4j.opc.PackageRelationshipCollection - Parsing relationship: /_rels/.rels
11:29:26.199 [main] DEBUG org.apache.poi.openxml4j.opc.PackageRelationshipCollection - Parsing relationship: /xl/_rels/workbook.xml.rels
11:29:26.201 [main] DEBUG org.apache.poi.openxml4j.opc.PackageRelationshipCollection - Parsing relationship: /xl/worksheets/_rels/sheet1.xml.rels
11:29:26.201 [main] DEBUG org.apache.poi.openxml4j.opc.PackageRelationshipCollection - Parsing relationship: /_rels/.rels
11:29:26.223 [main] DEBUG org.apache.poi.openxml4j.opc.PackageRelationshipCollection - Parsing relationship: /xl/_rels/workbook.xml.rels
11:29:26.224 [main] DEBUG org.apache.poi.openxml4j.opc.PackageRelationshipCollection - Parsing relationship: /xl/worksheets/_rels/sheet1.xml.rels
11:29:26.226 [main] DEBUG org.apache.poi.openxml4j.opc.PackageRelationshipCollection - Parsing relationship: /_rels/.rels
11:29:26.250 [main] DEBUG org.apache.poi.openxml4j.opc.PackageRelationshipCollection - Parsing relationship: /xl/_rels/workbook.xml.rels
11:29:26.252 [main] DEBUG org.apache.poi.openxml4j.opc.PackageRelationshipCollection - Parsing relationship: /xl/worksheets/_rels/sheet1.xml.rels
11:29:26.252 [main] DEBUG org.apache.poi.openxml4j.opc.PackageRelationshipCollection - Parsing relationship: /_rels/.rels
11:29:26.274 [main] DEBUG org.apache.poi.openxml4j.opc.PackageRelationshipCollection - Parsing relationship: /xl/_rels/workbook.xml.rels
11:29:26.276 [main] DEBUG org.apache.poi.openxml4j.opc.PackageRelationshipCollection - Parsing relationship: /xl/worksheets/_rels/sheet1.xml.rels
11:29:26.276 [main] DEBUG org.apache.poi.openxml4j.opc.PackageRelationshipCollection - Parsing relationship: /_rels/.rels
11:29:26.295 [main] DEBUG org.apache.poi.openxml4j.opc.PackageRelationshipCollection - Parsing relationship: /xl/_rels/workbook.xml.rels
11:29:26.297 [main] DEBUG org.apache.poi.openxml4j.opc.PackageRelationshipCollection - Parsing relationship: /xl/worksheets/_rels/sheet1.xml.rels
11:29:26.299 [main] DEBUG org.apache.poi.openxml4j.opc.PackageRelationshipCollection - Parsing relationship: /_rels/.rels
11:29:26.317 [main] DEBUG org.apache.poi.openxml4j.opc.PackageRelationshipCollection - Parsing relationship: /xl/_rels/workbook.xml.rels
11:29:26.319 [main] DEBUG org.apache.poi.openxml4j.opc.PackageRelationshipCollection - Parsing relationship: /xl/worksheets/_rels/sheet1.xml.rels
11:29:26.321 [main] DEBUG org.apache.poi.openxml4j.opc.PackageRelationshipCollection - Parsing relationship: /_rels/.rels
11:29:26.342 [main] DEBUG org.apache.poi.openxml4j.opc.PackageRelationshipCollection - Parsing relationship: /xl/_rels/workbook.xml.rels
11:29:26.342 [main] DEBUG org.apache.poi.openxml4j.opc.PackageRelationshipCollection - Parsing relationship: /xl/worksheets/_rels/sheet1.xml.rels
11:29:26.344 [main] DEBUG org.apache.poi.openxml4j.opc.PackageRelationshipCollection - Parsing relationship: /_rels/.rels
11:29:26.362 [main] DEBUG org.apache.poi.openxml4j.opc.PackageRelationshipCollection - Parsing relationship: /xl/_rels/workbook.xml.rels
11:29:26.362 [main] DEBUG org.apache.poi.openxml4j.opc.PackageRelationshipCollection - Parsing relationship: /xl/worksheets/_rels/sheet1.xml.rels
11:29:26.364 [main] DEBUG org.apache.poi.openxml4j.opc.PackageRelationshipCollection - Parsing relationship: /_rels/.rels
11:29:26.387 [main] DEBUG org.apache.poi.openxml4j.opc.PackageRelationshipCollection - Parsing relationship: /xl/_rels/workbook.xml.rels
11:29:26.387 [main] DEBUG org.apache.poi.openxml4j.opc.PackageRelationshipCollection - Parsing relationship: /xl/worksheets/_rels/sheet1.xml.rels
11:29:26.387 [main] DEBUG org.apache.poi.openxml4j.opc.PackageRelationshipCollection - Parsing relationship: /_rels/.rels
11:29:26.410 [main] DEBUG org.apache.poi.openxml4j.opc.PackageRelationshipCollection - Parsing relationship: /xl/_rels/workbook.xml.rels
11:29:26.410 [main] DEBUG org.apache.poi.openxml4j.opc.PackageRelationshipCollection - Parsing relationship: /xl/worksheets/_rels/sheet1.xml.rels
11:29:26.410 [main] DEBUG org.apache.poi.openxml4j.opc.PackageRelationshipCollection - Parsing relationship: /_rels/.rels
11:29:26.426 [main] DEBUG org.apache.poi.openxml4j.opc.PackageRelationshipCollection - Parsing relationship: /xl/_rels/workbook.xml.rels
11:29:26.428 [main] DEBUG org.apache.poi.openxml4j.opc.PackageRelationshipCollection - Parsing relationship: /xl/worksheets/_rels/sheet1.xml.rels
11:29:26.428 [main] DEBUG org.apache.poi.openxml4j.opc.PackageRelationshipCollection - Parsing relationship: /_rels/.rels
11:29:26.443 [main] DEBUG org.apache.poi.openxml4j.opc.PackageRelationshipCollection - Parsing relationship: /xl/_rels/workbook.xml.rels
11:29:26.443 [main] DEBUG org.apache.poi.openxml4j.opc.PackageRelationshipCollection - Parsing relationship: /xl/worksheets/_rels/sheet1.xml.rels
11:29:26.443 [main] DEBUG org.apache.poi.openxml4j.opc.PackageRelationshipCollection - Parsing relationship: /_rels/.rels
11:29:26.458 [main] DEBUG org.apache.poi.openxml4j.opc.PackageRelationshipCollection - Parsing relationship: /xl/_rels/workbook.xml.rels
11:29:26.458 [main] DEBUG org.apache.poi.openxml4j.opc.PackageRelationshipCollection - Parsing relationship: /xl/worksheets/_rels/sheet1.xml.rels
11:29:26.458 [main] DEBUG org.apache.poi.openxml4j.opc.PackageRelationshipCollection - Parsing relationship: /_rels/.rels
11:29:26.473 [main] DEBUG org.apache.poi.openxml4j.opc.PackageRelationshipCollection - Parsing relationship: /xl/_rels/workbook.xml.rels
11:29:26.473 [main] DEBUG org.apache.poi.openxml4j.opc.PackageRelationshipCollection - Parsing relationship: /xl/worksheets/_rels/sheet1.xml.rels
11:29:26.475 [main] DEBUG org.apache.poi.openxml4j.opc.PackageRelationshipCollection - Parsing relationship: /_rels/.rels
11:29:26.490 [main] DEBUG org.apache.poi.openxml4j.opc.PackageRelationshipCollection - Parsing relationship: /xl/_rels/workbook.xml.rels
11:29:26.494 [main] DEBUG org.apache.poi.openxml4j.opc.PackageRelationshipCollection - Parsing relationship: /xl/worksheets/_rels/sheet1.xml.rels
11:29:26.494 [main] DEBUG org.apache.poi.openxml4j.opc.PackageRelationshipCollection - Parsing relationship: /_rels/.rels
11:29:26.509 [main] DEBUG org.apache.poi.openxml4j.opc.PackageRelationshipCollection - Parsing relationship: /xl/_rels/workbook.xml.rels
11:29:26.509 [main] DEBUG org.apache.poi.openxml4j.opc.PackageRelationshipCollection - Parsing relationship: /xl/worksheets/_rels/sheet1.xml.rels
11:29:26.511 [main] DEBUG org.apache.poi.openxml4j.opc.PackageRelationshipCollection - Parsing relationship: /_rels/.rels
11:29:26.525 [main] DEBUG org.apache.poi.openxml4j.opc.PackageRelationshipCollection - Parsing relationship: /xl/_rels/workbook.xml.rels
11:29:26.528 [main] DEBUG org.apache.poi.openxml4j.opc.PackageRelationshipCollection - Parsing relationship: /xl/worksheets/_rels/sheet1.xml.rels
11:29:26.528 [main] DEBUG org.apache.poi.openxml4j.opc.PackageRelationshipCollection - Parsing relationship: /_rels/.rels
11:29:26.560 [main] INFO  TestCases.TC003_LoginDDT - **** Starting TC003_LoginDDT ****
11:29:28.979 [main] INFO  TestCases.TC003_LoginDDT - **** Finished TC003_LoginDDT ****
11:29:29.009 [main] INFO  TestCases.TC003_LoginDDT - **** Starting TC003_LoginDDT ****
11:29:40.843 [main] INFO  TestCases.TC003_LoginDDT - **** Finished TC003_LoginDDT ****
11:29:40.843 [main] INFO  TestCases.TC003_LoginDDT - **** Starting TC003_LoginDDT ****
11:29:51.821 [main] INFO  TestCases.TC003_LoginDDT - **** Finished TC003_LoginDDT ****
11:29:51.826 [main] INFO  TestCases.TC003_LoginDDT - **** Starting TC003_LoginDDT ****
11:30:02.575 [main] INFO  TestCases.TC003_LoginDDT - **** Finished TC003_LoginDDT ****
11:30:02.578 [main] INFO  TestCases.TC003_LoginDDT - **** Starting TC003_LoginDDT ****
11:30:20.025 [main] INFO  TestCases.TC003_LoginDDT - **** Finished TC003_LoginDDT ****
11:30:20.027 [main] INFO  TestCases.TC003_LoginDDT - **** Starting TC003_LoginDDT ****
11:30:31.169 [main] INFO  TestCases.TC003_LoginDDT - **** Finished TC003_LoginDDT ****
11:30:31.171 [main] INFO  TestCases.TC003_LoginDDT - **** Starting TC003_LoginDDT ****
11:30:44.398 [main] INFO  TestCases.TC003_LoginDDT - **** Finished TC003_LoginDDT ****
11:33:05.073 [main] DEBUG org.testng.TestNG - suiteXmlPath: "C:\Users\MAHESH\eclipse-workspace\DummyOpenCart\grid-docker.xml"
11:33:05.256 [main] INFO  org.testng.internal.Utils - [TestNG] Running:
  C:\Users\MAHESH\eclipse-workspace\DummyOpenCart\grid-docker.xml

11:36:05.770 [main] DEBUG org.apache.poi.openxml4j.opc.PackageRelationshipCollection - Parsing relationship: /xl/_rels/workbook.xml.rels
11:36:05.772 [main] DEBUG org.apache.poi.openxml4j.opc.PackageRelationshipCollection - Parsing relationship: /xl/worksheets/_rels/sheet1.xml.rels
11:36:05.773 [main] DEBUG org.apache.poi.openxml4j.opc.PackageRelationshipCollection - Parsing relationship: /_rels/.rels
11:36:06.065 [main] DEBUG org.apache.poi.openxml4j.opc.PackageRelationshipCollection - Parsing relationship: /xl/_rels/workbook.xml.rels
11:36:06.066 [main] DEBUG org.apache.poi.openxml4j.opc.PackageRelationshipCollection - Parsing relationship: /xl/worksheets/_rels/sheet1.xml.rels
11:36:06.067 [main] DEBUG org.apache.poi.openxml4j.opc.PackageRelationshipCollection - Parsing relationship: /_rels/.rels
11:36:06.084 [main] DEBUG org.apache.poi.openxml4j.opc.PackageRelationshipCollection - Parsing relationship: /xl/_rels/workbook.xml.rels
11:36:06.084 [main] DEBUG org.apache.poi.openxml4j.opc.PackageRelationshipCollection - Parsing relationship: /xl/worksheets/_rels/sheet1.xml.rels
11:36:06.085 [main] DEBUG org.apache.poi.openxml4j.opc.PackageRelationshipCollection - Parsing relationship: /_rels/.rels
11:36:06.106 [main] DEBUG org.apache.poi.openxml4j.opc.PackageRelationshipCollection - Parsing relationship: /xl/_rels/workbook.xml.rels
11:36:06.107 [main] DEBUG org.apache.poi.openxml4j.opc.PackageRelationshipCollection - Parsing relationship: /xl/worksheets/_rels/sheet1.xml.rels
11:36:06.108 [main] DEBUG org.apache.poi.openxml4j.opc.PackageRelationshipCollection - Parsing relationship: /_rels/.rels
11:36:06.123 [main] DEBUG org.apache.poi.openxml4j.opc.PackageRelationshipCollection - Parsing relationship: /xl/_rels/workbook.xml.rels
11:36:06.124 [main] DEBUG org.apache.poi.openxml4j.opc.PackageRelationshipCollection - Parsing relationship: /xl/worksheets/_rels/sheet1.xml.rels
11:36:06.124 [main] DEBUG org.apache.poi.openxml4j.opc.PackageRelationshipCollection - Parsing relationship: /_rels/.rels
11:36:06.141 [main] DEBUG org.apache.poi.openxml4j.opc.PackageRelationshipCollection - Parsing relationship: /xl/_rels/workbook.xml.rels
11:36:06.141 [main] DEBUG org.apache.poi.openxml4j.opc.PackageRelationshipCollection - Parsing relationship: /xl/worksheets/_rels/sheet1.xml.rels
11:36:06.142 [main] DEBUG org.apache.poi.openxml4j.opc.PackageRelationshipCollection - Parsing relationship: /_rels/.rels
11:36:06.159 [main] DEBUG org.apache.poi.openxml4j.opc.PackageRelationshipCollection - Parsing relationship: /xl/_rels/workbook.xml.rels
11:36:06.160 [main] DEBUG org.apache.poi.openxml4j.opc.PackageRelationshipCollection - Parsing relationship: /xl/worksheets/_rels/sheet1.xml.rels
11:36:06.160 [main] DEBUG org.apache.poi.openxml4j.opc.PackageRelationshipCollection - Parsing relationship: /_rels/.rels
11:36:06.174 [main] DEBUG org.apache.poi.openxml4j.opc.PackageRelationshipCollection - Parsing relationship: /xl/_rels/workbook.xml.rels
11:36:06.175 [main] DEBUG org.apache.poi.openxml4j.opc.PackageRelationshipCollection - Parsing relationship: /xl/worksheets/_rels/sheet1.xml.rels
11:36:06.175 [main] DEBUG org.apache.poi.openxml4j.opc.PackageRelationshipCollection - Parsing relationship: /_rels/.rels
11:36:06.189 [main] DEBUG org.apache.poi.openxml4j.opc.PackageRelationshipCollection - Parsing relationship: /xl/_rels/workbook.xml.rels
11:36:06.190 [main] DEBUG org.apache.poi.openxml4j.opc.PackageRelationshipCollection - Parsing relationship: /xl/worksheets/_rels/sheet1.xml.rels
11:36:06.191 [main] DEBUG org.apache.poi.openxml4j.opc.PackageRelationshipCollection - Parsing relationship: /_rels/.rels
11:36:06.204 [main] DEBUG org.apache.poi.openxml4j.opc.PackageRelationshipCollection - Parsing relationship: /xl/_rels/workbook.xml.rels
11:36:06.205 [main] DEBUG org.apache.poi.openxml4j.opc.PackageRelationshipCollection - Parsing relationship: /xl/worksheets/_rels/sheet1.xml.rels
11:36:06.205 [main] DEBUG org.apache.poi.openxml4j.opc.PackageRelationshipCollection - Parsing relationship: /_rels/.rels
11:36:06.220 [main] DEBUG org.apache.poi.openxml4j.opc.PackageRelationshipCollection - Parsing relationship: /xl/_rels/workbook.xml.rels
11:36:06.220 [main] DEBUG org.apache.poi.openxml4j.opc.PackageRelationshipCollection - Parsing relationship: /xl/worksheets/_rels/sheet1.xml.rels
11:36:06.221 [main] DEBUG org.apache.poi.openxml4j.opc.PackageRelationshipCollection - Parsing relationship: /_rels/.rels
11:36:06.232 [main] DEBUG org.apache.poi.openxml4j.opc.PackageRelationshipCollection - Parsing relationship: /xl/_rels/workbook.xml.rels
11:36:06.233 [main] DEBUG org.apache.poi.openxml4j.opc.PackageRelationshipCollection - Parsing relationship: /xl/worksheets/_rels/sheet1.xml.rels
11:36:06.234 [main] DEBUG org.apache.poi.openxml4j.opc.PackageRelationshipCollection - Parsing relationship: /_rels/.rels
11:36:06.244 [main] DEBUG org.apache.poi.openxml4j.opc.PackageRelationshipCollection - Parsing relationship: /xl/_rels/workbook.xml.rels
11:36:06.245 [main] DEBUG org.apache.poi.openxml4j.opc.PackageRelationshipCollection - Parsing relationship: /xl/worksheets/_rels/sheet1.xml.rels
11:36:06.246 [main] DEBUG org.apache.poi.openxml4j.opc.PackageRelationshipCollection - Parsing relationship: /_rels/.rels
11:36:06.255 [main] DEBUG org.apache.poi.openxml4j.opc.PackageRelationshipCollection - Parsing relationship: /xl/_rels/workbook.xml.rels
11:36:06.255 [main] DEBUG org.apache.poi.openxml4j.opc.PackageRelationshipCollection - Parsing relationship: /xl/worksheets/_rels/sheet1.xml.rels
11:36:06.256 [main] DEBUG org.apache.poi.openxml4j.opc.PackageRelationshipCollection - Parsing relationship: /_rels/.rels
11:36:06.264 [main] DEBUG org.apache.poi.openxml4j.opc.PackageRelationshipCollection - Parsing relationship: /xl/_rels/workbook.xml.rels
11:36:06.265 [main] DEBUG org.apache.poi.openxml4j.opc.PackageRelationshipCollection - Parsing relationship: /xl/worksheets/_rels/sheet1.xml.rels
11:36:06.265 [main] DEBUG org.apache.poi.openxml4j.opc.PackageRelationshipCollection - Parsing relationship: /_rels/.rels
11:36:06.278 [main] DEBUG org.apache.poi.openxml4j.opc.PackageRelationshipCollection - Parsing relationship: /xl/_rels/workbook.xml.rels
11:36:06.278 [main] DEBUG org.apache.poi.openxml4j.opc.PackageRelationshipCollection - Parsing relationship: /xl/worksheets/_rels/sheet1.xml.rels
11:36:06.279 [main] DEBUG org.apache.poi.openxml4j.opc.PackageRelationshipCollection - Parsing relationship: /_rels/.rels
11:36:06.287 [main] DEBUG org.apache.poi.openxml4j.opc.PackageRelationshipCollection - Parsing relationship: /xl/_rels/workbook.xml.rels
11:36:06.288 [main] DEBUG org.apache.poi.openxml4j.opc.PackageRelationshipCollection - Parsing relationship: /xl/worksheets/_rels/sheet1.xml.rels
11:36:06.289 [main] DEBUG org.apache.poi.openxml4j.opc.PackageRelationshipCollection - Parsing relationship: /_rels/.rels
11:36:06.299 [main] DEBUG org.apache.poi.openxml4j.opc.PackageRelationshipCollection - Parsing relationship: /xl/_rels/workbook.xml.rels
11:36:06.300 [main] DEBUG org.apache.poi.openxml4j.opc.PackageRelationshipCollection - Parsing relationship: /xl/worksheets/_rels/sheet1.xml.rels
11:36:06.300 [main] DEBUG org.apache.poi.openxml4j.opc.PackageRelationshipCollection - Parsing relationship: /_rels/.rels
11:36:06.309 [main] DEBUG org.apache.poi.openxml4j.opc.PackageRelationshipCollection - Parsing relationship: /xl/_rels/workbook.xml.rels
11:36:06.309 [main] DEBUG org.apache.poi.openxml4j.opc.PackageRelationshipCollection - Parsing relationship: /xl/worksheets/_rels/sheet1.xml.rels
11:36:06.310 [main] DEBUG org.apache.poi.openxml4j.opc.PackageRelationshipCollection - Parsing relationship: /_rels/.rels
11:36:06.319 [main] DEBUG org.apache.poi.openxml4j.opc.PackageRelationshipCollection - Parsing relationship: /xl/_rels/workbook.xml.rels
11:36:06.320 [main] DEBUG org.apache.poi.openxml4j.opc.PackageRelationshipCollection - Parsing relationship: /xl/worksheets/_rels/sheet1.xml.rels
11:36:06.320 [main] DEBUG org.apache.poi.openxml4j.opc.PackageRelationshipCollection - Parsing relationship: /_rels/.rels
11:36:06.330 [main] DEBUG org.apache.poi.openxml4j.opc.PackageRelationshipCollection - Parsing relationship: /xl/_rels/workbook.xml.rels
11:36:06.330 [main] DEBUG org.apache.poi.openxml4j.opc.PackageRelationshipCollection - Parsing relationship: /xl/worksheets/_rels/sheet1.xml.rels
11:36:06.331 [main] DEBUG org.apache.poi.openxml4j.opc.PackageRelationshipCollection - Parsing relationship: /_rels/.rels
11:36:06.339 [main] DEBUG org.apache.poi.openxml4j.opc.PackageRelationshipCollection - Parsing relationship: /xl/_rels/workbook.xml.rels
11:36:06.339 [main] DEBUG org.apache.poi.openxml4j.opc.PackageRelationshipCollection - Parsing relationship: /xl/worksheets/_rels/sheet1.xml.rels
11:36:06.340 [main] DEBUG org.apache.poi.openxml4j.opc.PackageRelationshipCollection - Parsing relationship: /_rels/.rels
11:36:06.350 [main] DEBUG org.apache.poi.openxml4j.opc.PackageRelationshipCollection - Parsing relationship: /xl/_rels/workbook.xml.rels
11:36:06.350 [main] DEBUG org.apache.poi.openxml4j.opc.PackageRelationshipCollection - Parsing relationship: /xl/worksheets/_rels/sheet1.xml.rels
11:36:06.351 [main] DEBUG org.apache.poi.openxml4j.opc.PackageRelationshipCollection - Parsing relationship: /_rels/.rels
11:36:06.712 [main] DEBUG org.apache.poi.openxml4j.opc.PackageRelationshipCollection - Parsing relationship: /xl/_rels/workbook.xml.rels
11:36:06.712 [main] DEBUG org.apache.poi.openxml4j.opc.PackageRelationshipCollection - Parsing relationship: /xl/worksheets/_rels/sheet1.xml.rels
11:36:06.713 [main] DEBUG org.apache.poi.openxml4j.opc.PackageRelationshipCollection - Parsing relationship: /_rels/.rels
11:36:06.722 [main] DEBUG org.apache.poi.openxml4j.opc.PackageRelationshipCollection - Parsing relationship: /xl/_rels/workbook.xml.rels
11:36:06.723 [main] DEBUG org.apache.poi.openxml4j.opc.PackageRelationshipCollection - Parsing relationship: /xl/worksheets/_rels/sheet1.xml.rels
11:36:06.725 [main] DEBUG org.apache.poi.openxml4j.opc.PackageRelationshipCollection - Parsing relationship: /_rels/.rels
11:36:06.732 [main] DEBUG org.apache.poi.openxml4j.opc.PackageRelationshipCollection - Parsing relationship: /xl/_rels/workbook.xml.rels
11:36:06.733 [main] DEBUG org.apache.poi.openxml4j.opc.PackageRelationshipCollection - Parsing relationship: /xl/worksheets/_rels/sheet1.xml.rels
11:36:06.733 [main] DEBUG org.apache.poi.openxml4j.opc.PackageRelationshipCollection - Parsing relationship: /_rels/.rels
11:36:06.741 [main] DEBUG org.apache.poi.openxml4j.opc.PackageRelationshipCollection - Parsing relationship: /xl/_rels/workbook.xml.rels
11:36:06.741 [main] DEBUG org.apache.poi.openxml4j.opc.PackageRelationshipCollection - Parsing relationship: /xl/worksheets/_rels/sheet1.xml.rels
11:36:06.742 [main] DEBUG org.apache.poi.openxml4j.opc.PackageRelationshipCollection - Parsing relationship: /_rels/.rels
11:36:06.751 [main] DEBUG org.apache.poi.openxml4j.opc.PackageRelationshipCollection - Parsing relationship: /xl/_rels/workbook.xml.rels
11:36:06.752 [main] DEBUG org.apache.poi.openxml4j.opc.PackageRelationshipCollection - Parsing relationship: /xl/worksheets/_rels/sheet1.xml.rels
11:36:06.752 [main] DEBUG org.apache.poi.openxml4j.opc.PackageRelationshipCollection - Parsing relationship: /_rels/.rels
11:36:06.761 [main] DEBUG org.apache.poi.openxml4j.opc.PackageRelationshipCollection - Parsing relationship: /xl/_rels/workbook.xml.rels
11:36:06.761 [main] DEBUG org.apache.poi.openxml4j.opc.PackageRelationshipCollection - Parsing relationship: /xl/worksheets/_rels/sheet1.xml.rels
11:36:06.762 [main] DEBUG org.apache.poi.openxml4j.opc.PackageRelationshipCollection - Parsing relationship: /_rels/.rels
11:36:06.770 [main] DEBUG org.apache.poi.openxml4j.opc.PackageRelationshipCollection - Parsing relationship: /xl/_rels/workbook.xml.rels
11:36:06.771 [main] DEBUG org.apache.poi.openxml4j.opc.PackageRelationshipCollection - Parsing relationship: /xl/worksheets/_rels/sheet1.xml.rels
11:36:06.771 [main] DEBUG org.apache.poi.openxml4j.opc.PackageRelationshipCollection - Parsing relationship: /_rels/.rels
11:36:06.781 [main] DEBUG org.apache.poi.openxml4j.opc.PackageRelationshipCollection - Parsing relationship: /xl/_rels/workbook.xml.rels
11:36:06.782 [main] DEBUG org.apache.poi.openxml4j.opc.PackageRelationshipCollection - Parsing relationship: /xl/worksheets/_rels/sheet1.xml.rels
11:36:06.782 [main] DEBUG org.apache.poi.openxml4j.opc.PackageRelationshipCollection - Parsing relationship: /_rels/.rels
11:36:06.790 [main] DEBUG org.apache.poi.openxml4j.opc.PackageRelationshipCollection - Parsing relationship: /xl/_rels/workbook.xml.rels
11:36:06.791 [main] DEBUG org.apache.poi.openxml4j.opc.PackageRelationshipCollection - Parsing relationship: /xl/worksheets/_rels/sheet1.xml.rels
11:36:06.792 [main] DEBUG org.apache.poi.openxml4j.opc.PackageRelationshipCollection - Parsing relationship: /_rels/.rels
11:36:06.800 [main] DEBUG org.apache.poi.openxml4j.opc.PackageRelationshipCollection - Parsing relationship: /xl/_rels/workbook.xml.rels
11:36:06.800 [main] DEBUG org.apache.poi.openxml4j.opc.PackageRelationshipCollection - Parsing relationship: /xl/worksheets/_rels/sheet1.xml.rels
11:36:06.801 [main] DEBUG org.apache.poi.openxml4j.opc.PackageRelationshipCollection - Parsing relationship: /_rels/.rels
11:36:06.810 [main] DEBUG org.apache.poi.openxml4j.opc.PackageRelationshipCollection - Parsing relationship: /xl/_rels/workbook.xml.rels
11:36:06.811 [main] DEBUG org.apache.poi.openxml4j.opc.PackageRelationshipCollection - Parsing relationship: /xl/worksheets/_rels/sheet1.xml.rels
11:36:06.811 [main] DEBUG org.apache.poi.openxml4j.opc.PackageRelationshipCollection - Parsing relationship: /_rels/.rels
11:36:06.823 [main] DEBUG org.apache.poi.openxml4j.opc.PackageRelationshipCollection - Parsing relationship: /xl/_rels/workbook.xml.rels
11:36:06.824 [main] DEBUG org.apache.poi.openxml4j.opc.PackageRelationshipCollection - Parsing relationship: /xl/worksheets/_rels/sheet1.xml.rels
11:36:06.824 [main] DEBUG org.apache.poi.openxml4j.opc.PackageRelationshipCollection - Parsing relationship: /_rels/.rels
11:36:06.833 [main] DEBUG org.apache.poi.openxml4j.opc.PackageRelationshipCollection - Parsing relationship: /xl/_rels/workbook.xml.rels
11:36:06.834 [main] DEBUG org.apache.poi.openxml4j.opc.PackageRelationshipCollection - Parsing relationship: /xl/worksheets/_rels/sheet1.xml.rels
11:36:06.834 [main] DEBUG org.apache.poi.openxml4j.opc.PackageRelationshipCollection - Parsing relationship: /_rels/.rels
11:36:06.842 [main] DEBUG org.apache.poi.openxml4j.opc.PackageRelationshipCollection - Parsing relationship: /xl/_rels/workbook.xml.rels
11:36:06.843 [main] DEBUG org.apache.poi.openxml4j.opc.PackageRelationshipCollection - Parsing relationship: /xl/worksheets/_rels/sheet1.xml.rels
11:36:06.843 [main] DEBUG org.apache.poi.openxml4j.opc.PackageRelationshipCollection - Parsing relationship: /_rels/.rels
11:36:06.852 [main] DEBUG org.apache.poi.openxml4j.opc.PackageRelationshipCollection - Parsing relationship: /xl/_rels/workbook.xml.rels
11:36:06.852 [main] DEBUG org.apache.poi.openxml4j.opc.PackageRelationshipCollection - Parsing relationship: /xl/worksheets/_rels/sheet1.xml.rels
11:36:06.853 [main] DEBUG org.apache.poi.openxml4j.opc.PackageRelationshipCollection - Parsing relationship: /_rels/.rels
11:36:06.861 [main] DEBUG org.apache.poi.openxml4j.opc.PackageRelationshipCollection - Parsing relationship: /xl/_rels/workbook.xml.rels
11:36:06.861 [main] DEBUG org.apache.poi.openxml4j.opc.PackageRelationshipCollection - Parsing relationship: /xl/worksheets/_rels/sheet1.xml.rels
11:36:06.862 [main] DEBUG org.apache.poi.openxml4j.opc.PackageRelationshipCollection - Parsing relationship: /_rels/.rels
11:36:06.869 [main] DEBUG org.apache.poi.openxml4j.opc.PackageRelationshipCollection - Parsing relationship: /xl/_rels/workbook.xml.rels
11:36:06.869 [main] DEBUG org.apache.poi.openxml4j.opc.PackageRelationshipCollection - Parsing relationship: /xl/worksheets/_rels/sheet1.xml.rels
11:36:06.870 [main] DEBUG org.apache.poi.openxml4j.opc.PackageRelationshipCollection - Parsing relationship: /_rels/.rels
11:36:06.878 [main] DEBUG org.apache.poi.openxml4j.opc.PackageRelationshipCollection - Parsing relationship: /xl/_rels/workbook.xml.rels
11:36:06.879 [main] DEBUG org.apache.poi.openxml4j.opc.PackageRelationshipCollection - Parsing relationship: /xl/worksheets/_rels/sheet1.xml.rels
11:36:06.879 [main] DEBUG org.apache.poi.openxml4j.opc.PackageRelationshipCollection - Parsing relationship: /_rels/.rels
11:36:06.886 [main] DEBUG org.apache.poi.openxml4j.opc.PackageRelationshipCollection - Parsing relationship: /xl/_rels/workbook.xml.rels
11:36:06.887 [main] DEBUG org.apache.poi.openxml4j.opc.PackageRelationshipCollection - Parsing relationship: /xl/worksheets/_rels/sheet1.xml.rels
11:36:06.887 [main] DEBUG org.apache.poi.openxml4j.opc.PackageRelationshipCollection - Parsing relationship: /_rels/.rels
11:36:06.895 [main] DEBUG org.apache.poi.openxml4j.opc.PackageRelationshipCollection - Parsing relationship: /xl/_rels/workbook.xml.rels
11:36:06.895 [main] DEBUG org.apache.poi.openxml4j.opc.PackageRelationshipCollection - Parsing relationship: /xl/worksheets/_rels/sheet1.xml.rels
11:36:06.897 [main] DEBUG org.apache.poi.openxml4j.opc.PackageRelationshipCollection - Parsing relationship: /_rels/.rels
11:36:06.905 [main] DEBUG org.apache.poi.openxml4j.opc.PackageRelationshipCollection - Parsing relationship: /xl/_rels/workbook.xml.rels
11:36:06.905 [main] DEBUG org.apache.poi.openxml4j.opc.PackageRelationshipCollection - Parsing relationship: /xl/worksheets/_rels/sheet1.xml.rels
11:36:06.906 [main] DEBUG org.apache.poi.openxml4j.opc.PackageRelationshipCollection - Parsing relationship: /_rels/.rels
11:36:06.917 [main] DEBUG org.apache.poi.openxml4j.opc.PackageRelationshipCollection - Parsing relationship: /xl/_rels/workbook.xml.rels
11:36:06.918 [main] DEBUG org.apache.poi.openxml4j.opc.PackageRelationshipCollection - Parsing relationship: /xl/worksheets/_rels/sheet1.xml.rels
11:36:06.918 [main] DEBUG org.apache.poi.openxml4j.opc.PackageRelationshipCollection - Parsing relationship: /_rels/.rels
11:36:06.925 [main] DEBUG org.apache.poi.openxml4j.opc.PackageRelationshipCollection - Parsing relationship: /xl/_rels/workbook.xml.rels
11:36:06.926 [main] DEBUG org.apache.poi.openxml4j.opc.PackageRelationshipCollection - Parsing relationship: /xl/worksheets/_rels/sheet1.xml.rels
11:36:06.926 [main] DEBUG org.apache.poi.openxml4j.opc.PackageRelationshipCollection - Parsing relationship: /_rels/.rels
11:36:06.931 [main] INFO  TestCases.TC003_LoginDDT - **** Starting TC003_LoginDDT ****
11:36:31.891 [main] DEBUG org.testng.TestNG - suiteXmlPath: "C:\Users\MAHESH\eclipse-workspace\DummyOpenCart\grid-docker.xml"
11:36:32.075 [main] INFO  org.testng.internal.Utils - [TestNG] Running:
  C:\Users\MAHESH\eclipse-workspace\DummyOpenCart\grid-docker.xml

11:36:34.643 [main] DEBUG org.apache.poi.openxml4j.opc.PackageRelationshipCollection - Parsing relationship: /xl/_rels/workbook.xml.rels
11:36:34.643 [main] DEBUG org.apache.poi.openxml4j.opc.PackageRelationshipCollection - Parsing relationship: /xl/worksheets/_rels/sheet1.xml.rels
11:36:34.651 [main] DEBUG org.apache.poi.openxml4j.opc.PackageRelationshipCollection - Parsing relationship: /_rels/.rels
11:36:35.267 [main] DEBUG org.apache.poi.openxml4j.opc.PackageRelationshipCollection - Parsing relationship: /xl/_rels/workbook.xml.rels
11:36:35.267 [main] DEBUG org.apache.poi.openxml4j.opc.PackageRelationshipCollection - Parsing relationship: /xl/worksheets/_rels/sheet1.xml.rels
11:36:35.267 [main] DEBUG org.apache.poi.openxml4j.opc.PackageRelationshipCollection - Parsing relationship: /_rels/.rels
11:36:35.315 [main] DEBUG org.apache.poi.openxml4j.opc.PackageRelationshipCollection - Parsing relationship: /xl/_rels/workbook.xml.rels
11:36:35.315 [main] DEBUG org.apache.poi.openxml4j.opc.PackageRelationshipCollection - Parsing relationship: /xl/worksheets/_rels/sheet1.xml.rels
11:36:35.328 [main] DEBUG org.apache.poi.openxml4j.opc.PackageRelationshipCollection - Parsing relationship: /_rels/.rels
11:36:35.379 [main] DEBUG org.apache.poi.openxml4j.opc.PackageRelationshipCollection - Parsing relationship: /xl/_rels/workbook.xml.rels
11:36:35.382 [main] DEBUG org.apache.poi.openxml4j.opc.PackageRelationshipCollection - Parsing relationship: /xl/worksheets/_rels/sheet1.xml.rels
11:36:35.382 [main] DEBUG org.apache.poi.openxml4j.opc.PackageRelationshipCollection - Parsing relationship: /_rels/.rels
11:36:35.417 [main] DEBUG org.apache.poi.openxml4j.opc.PackageRelationshipCollection - Parsing relationship: /xl/_rels/workbook.xml.rels
11:36:35.421 [main] DEBUG org.apache.poi.openxml4j.opc.PackageRelationshipCollection - Parsing relationship: /xl/worksheets/_rels/sheet1.xml.rels
11:36:35.423 [main] DEBUG org.apache.poi.openxml4j.opc.PackageRelationshipCollection - Parsing relationship: /_rels/.rels
11:36:35.450 [main] DEBUG org.apache.poi.openxml4j.opc.PackageRelationshipCollection - Parsing relationship: /xl/_rels/workbook.xml.rels
11:36:35.452 [main] DEBUG org.apache.poi.openxml4j.opc.PackageRelationshipCollection - Parsing relationship: /xl/worksheets/_rels/sheet1.xml.rels
11:36:35.452 [main] DEBUG org.apache.poi.openxml4j.opc.PackageRelationshipCollection - Parsing relationship: /_rels/.rels
11:36:35.474 [main] DEBUG org.apache.poi.openxml4j.opc.PackageRelationshipCollection - Parsing relationship: /xl/_rels/workbook.xml.rels
11:36:35.474 [main] DEBUG org.apache.poi.openxml4j.opc.PackageRelationshipCollection - Parsing relationship: /xl/worksheets/_rels/sheet1.xml.rels
11:36:35.480 [main] DEBUG org.apache.poi.openxml4j.opc.PackageRelationshipCollection - Parsing relationship: /_rels/.rels
11:36:35.505 [main] DEBUG org.apache.poi.openxml4j.opc.PackageRelationshipCollection - Parsing relationship: /xl/_rels/workbook.xml.rels
11:36:35.505 [main] DEBUG org.apache.poi.openxml4j.opc.PackageRelationshipCollection - Parsing relationship: /xl/worksheets/_rels/sheet1.xml.rels
11:36:35.505 [main] DEBUG org.apache.poi.openxml4j.opc.PackageRelationshipCollection - Parsing relationship: /_rels/.rels
11:36:35.548 [main] DEBUG org.apache.poi.openxml4j.opc.PackageRelationshipCollection - Parsing relationship: /xl/_rels/workbook.xml.rels
11:36:35.548 [main] DEBUG org.apache.poi.openxml4j.opc.PackageRelationshipCollection - Parsing relationship: /xl/worksheets/_rels/sheet1.xml.rels
11:36:35.548 [main] DEBUG org.apache.poi.openxml4j.opc.PackageRelationshipCollection - Parsing relationship: /_rels/.rels
11:36:35.569 [main] DEBUG org.apache.poi.openxml4j.opc.PackageRelationshipCollection - Parsing relationship: /xl/_rels/workbook.xml.rels
11:36:35.569 [main] DEBUG org.apache.poi.openxml4j.opc.PackageRelationshipCollection - Parsing relationship: /xl/worksheets/_rels/sheet1.xml.rels
11:36:35.569 [main] DEBUG org.apache.poi.openxml4j.opc.PackageRelationshipCollection - Parsing relationship: /_rels/.rels
11:36:35.599 [main] DEBUG org.apache.poi.openxml4j.opc.PackageRelationshipCollection - Parsing relationship: /xl/_rels/workbook.xml.rels
11:36:35.600 [main] DEBUG org.apache.poi.openxml4j.opc.PackageRelationshipCollection - Parsing relationship: /xl/worksheets/_rels/sheet1.xml.rels
11:36:35.601 [main] DEBUG org.apache.poi.openxml4j.opc.PackageRelationshipCollection - Parsing relationship: /_rels/.rels
11:36:35.617 [main] DEBUG org.apache.poi.openxml4j.opc.PackageRelationshipCollection - Parsing relationship: /xl/_rels/workbook.xml.rels
11:36:35.617 [main] DEBUG org.apache.poi.openxml4j.opc.PackageRelationshipCollection - Parsing relationship: /xl/worksheets/_rels/sheet1.xml.rels
11:36:35.626 [main] DEBUG org.apache.poi.openxml4j.opc.PackageRelationshipCollection - Parsing relationship: /_rels/.rels
11:36:35.642 [main] DEBUG org.apache.poi.openxml4j.opc.PackageRelationshipCollection - Parsing relationship: /xl/_rels/workbook.xml.rels
11:36:35.642 [main] DEBUG org.apache.poi.openxml4j.opc.PackageRelationshipCollection - Parsing relationship: /xl/worksheets/_rels/sheet1.xml.rels
11:36:35.648 [main] DEBUG org.apache.poi.openxml4j.opc.PackageRelationshipCollection - Parsing relationship: /_rels/.rels
11:36:35.664 [main] DEBUG org.apache.poi.openxml4j.opc.PackageRelationshipCollection - Parsing relationship: /xl/_rels/workbook.xml.rels
11:36:35.664 [main] DEBUG org.apache.poi.openxml4j.opc.PackageRelationshipCollection - Parsing relationship: /xl/worksheets/_rels/sheet1.xml.rels
11:36:35.664 [main] DEBUG org.apache.poi.openxml4j.opc.PackageRelationshipCollection - Parsing relationship: /_rels/.rels
11:36:35.692 [main] DEBUG org.apache.poi.openxml4j.opc.PackageRelationshipCollection - Parsing relationship: /xl/_rels/workbook.xml.rels
11:36:35.692 [main] DEBUG org.apache.poi.openxml4j.opc.PackageRelationshipCollection - Parsing relationship: /xl/worksheets/_rels/sheet1.xml.rels
11:36:35.694 [main] DEBUG org.apache.poi.openxml4j.opc.PackageRelationshipCollection - Parsing relationship: /_rels/.rels
11:36:35.716 [main] DEBUG org.apache.poi.openxml4j.opc.PackageRelationshipCollection - Parsing relationship: /xl/_rels/workbook.xml.rels
11:36:35.718 [main] DEBUG org.apache.poi.openxml4j.opc.PackageRelationshipCollection - Parsing relationship: /xl/worksheets/_rels/sheet1.xml.rels
11:36:35.720 [main] DEBUG org.apache.poi.openxml4j.opc.PackageRelationshipCollection - Parsing relationship: /_rels/.rels
11:36:35.738 [main] DEBUG org.apache.poi.openxml4j.opc.PackageRelationshipCollection - Parsing relationship: /xl/_rels/workbook.xml.rels
11:36:35.738 [main] DEBUG org.apache.poi.openxml4j.opc.PackageRelationshipCollection - Parsing relationship: /xl/worksheets/_rels/sheet1.xml.rels
11:36:35.738 [main] DEBUG org.apache.poi.openxml4j.opc.PackageRelationshipCollection - Parsing relationship: /_rels/.rels
11:36:35.755 [main] DEBUG org.apache.poi.openxml4j.opc.PackageRelationshipCollection - Parsing relationship: /xl/_rels/workbook.xml.rels
11:36:35.755 [main] DEBUG org.apache.poi.openxml4j.opc.PackageRelationshipCollection - Parsing relationship: /xl/worksheets/_rels/sheet1.xml.rels
11:36:35.755 [main] DEBUG org.apache.poi.openxml4j.opc.PackageRelationshipCollection - Parsing relationship: /_rels/.rels
11:36:35.773 [main] DEBUG org.apache.poi.openxml4j.opc.PackageRelationshipCollection - Parsing relationship: /xl/_rels/workbook.xml.rels
11:36:35.773 [main] DEBUG org.apache.poi.openxml4j.opc.PackageRelationshipCollection - Parsing relationship: /xl/worksheets/_rels/sheet1.xml.rels
11:36:35.773 [main] DEBUG org.apache.poi.openxml4j.opc.PackageRelationshipCollection - Parsing relationship: /_rels/.rels
11:36:35.795 [main] DEBUG org.apache.poi.openxml4j.opc.PackageRelationshipCollection - Parsing relationship: /xl/_rels/workbook.xml.rels
11:36:35.796 [main] DEBUG org.apache.poi.openxml4j.opc.PackageRelationshipCollection - Parsing relationship: /xl/worksheets/_rels/sheet1.xml.rels
11:36:35.796 [main] DEBUG org.apache.poi.openxml4j.opc.PackageRelationshipCollection - Parsing relationship: /_rels/.rels
11:36:35.811 [main] DEBUG org.apache.poi.openxml4j.opc.PackageRelationshipCollection - Parsing relationship: /xl/_rels/workbook.xml.rels
11:36:35.813 [main] DEBUG org.apache.poi.openxml4j.opc.PackageRelationshipCollection - Parsing relationship: /xl/worksheets/_rels/sheet1.xml.rels
11:36:35.813 [main] DEBUG org.apache.poi.openxml4j.opc.PackageRelationshipCollection - Parsing relationship: /_rels/.rels
11:36:35.827 [main] DEBUG org.apache.poi.openxml4j.opc.PackageRelationshipCollection - Parsing relationship: /xl/_rels/workbook.xml.rels
11:36:35.827 [main] DEBUG org.apache.poi.openxml4j.opc.PackageRelationshipCollection - Parsing relationship: /xl/worksheets/_rels/sheet1.xml.rels
11:36:35.827 [main] DEBUG org.apache.poi.openxml4j.opc.PackageRelationshipCollection - Parsing relationship: /_rels/.rels
11:36:35.843 [main] DEBUG org.apache.poi.openxml4j.opc.PackageRelationshipCollection - Parsing relationship: /xl/_rels/workbook.xml.rels
11:36:35.843 [main] DEBUG org.apache.poi.openxml4j.opc.PackageRelationshipCollection - Parsing relationship: /xl/worksheets/_rels/sheet1.xml.rels
11:36:35.843 [main] DEBUG org.apache.poi.openxml4j.opc.PackageRelationshipCollection - Parsing relationship: /_rels/.rels
11:36:35.893 [main] INFO  TestCases.TC003_LoginDDT - **** Starting TC003_LoginDDT ****
11:36:38.075 [main] INFO  TestCases.TC003_LoginDDT - **** Finished TC003_LoginDDT ****
11:36:38.090 [main] INFO  TestCases.TC003_LoginDDT - **** Starting TC003_LoginDDT ****
11:36:49.738 [main] INFO  TestCases.TC003_LoginDDT - **** Finished TC003_LoginDDT ****
11:36:49.746 [main] INFO  TestCases.TC003_LoginDDT - **** Starting TC003_LoginDDT ****
11:37:01.226 [main] INFO  TestCases.TC003_LoginDDT - **** Finished TC003_LoginDDT ****
11:37:01.232 [main] INFO  TestCases.TC003_LoginDDT - **** Starting TC003_LoginDDT ****
11:37:12.987 [main] INFO  TestCases.TC003_LoginDDT - **** Finished TC003_LoginDDT ****
11:37:12.987 [main] INFO  TestCases.TC003_LoginDDT - **** Starting TC003_LoginDDT ****
11:37:15.518 [main] INFO  TestCases.TC003_LoginDDT - **** Finished TC003_LoginDDT ****
11:37:15.521 [main] INFO  TestCases.TC003_LoginDDT - **** Starting TC003_LoginDDT ****
11:37:27.211 [main] INFO  TestCases.TC003_LoginDDT - **** Finished TC003_LoginDDT ****
11:37:27.214 [main] INFO  TestCases.TC003_LoginDDT - **** Starting TC003_LoginDDT ****
11:37:38.982 [main] INFO  TestCases.TC003_LoginDDT - **** Finished TC003_LoginDDT ****
11:37:39.663 [main] DEBUG org.apache.poi.openxml4j.opc.PackageRelationshipCollection - Parsing relationship: /xl/_rels/workbook.xml.rels
11:37:39.664 [main] DEBUG org.apache.poi.openxml4j.opc.PackageRelationshipCollection - Parsing relationship: /xl/worksheets/_rels/sheet1.xml.rels
11:37:39.664 [main] DEBUG org.apache.poi.openxml4j.opc.PackageRelationshipCollection - Parsing relationship: /_rels/.rels
11:37:39.677 [main] DEBUG org.apache.poi.openxml4j.opc.PackageRelationshipCollection - Parsing relationship: /xl/_rels/workbook.xml.rels
11:37:39.677 [main] DEBUG org.apache.poi.openxml4j.opc.PackageRelationshipCollection - Parsing relationship: /xl/worksheets/_rels/sheet1.xml.rels
11:37:39.678 [main] DEBUG org.apache.poi.openxml4j.opc.PackageRelationshipCollection - Parsing relationship: /_rels/.rels
11:37:39.688 [main] DEBUG org.apache.poi.openxml4j.opc.PackageRelationshipCollection - Parsing relationship: /xl/_rels/workbook.xml.rels
11:37:39.688 [main] DEBUG org.apache.poi.openxml4j.opc.PackageRelationshipCollection - Parsing relationship: /xl/worksheets/_rels/sheet1.xml.rels
11:37:39.689 [main] DEBUG org.apache.poi.openxml4j.opc.PackageRelationshipCollection - Parsing relationship: /_rels/.rels
11:37:39.697 [main] DEBUG org.apache.poi.openxml4j.opc.PackageRelationshipCollection - Parsing relationship: /xl/_rels/workbook.xml.rels
11:37:39.699 [main] DEBUG org.apache.poi.openxml4j.opc.PackageRelationshipCollection - Parsing relationship: /xl/worksheets/_rels/sheet1.xml.rels
11:37:39.699 [main] DEBUG org.apache.poi.openxml4j.opc.PackageRelationshipCollection - Parsing relationship: /_rels/.rels
11:37:39.708 [main] DEBUG org.apache.poi.openxml4j.opc.PackageRelationshipCollection - Parsing relationship: /xl/_rels/workbook.xml.rels
11:37:39.710 [main] DEBUG org.apache.poi.openxml4j.opc.PackageRelationshipCollection - Parsing relationship: /xl/worksheets/_rels/sheet1.xml.rels
11:37:39.710 [main] DEBUG org.apache.poi.openxml4j.opc.PackageRelationshipCollection - Parsing relationship: /_rels/.rels
11:37:39.719 [main] DEBUG org.apache.poi.openxml4j.opc.PackageRelationshipCollection - Parsing relationship: /xl/_rels/workbook.xml.rels
11:37:39.720 [main] DEBUG org.apache.poi.openxml4j.opc.PackageRelationshipCollection - Parsing relationship: /xl/worksheets/_rels/sheet1.xml.rels
11:37:39.720 [main] DEBUG org.apache.poi.openxml4j.opc.PackageRelationshipCollection - Parsing relationship: /_rels/.rels
11:37:39.731 [main] DEBUG org.apache.poi.openxml4j.opc.PackageRelationshipCollection - Parsing relationship: /xl/_rels/workbook.xml.rels
11:37:39.732 [main] DEBUG org.apache.poi.openxml4j.opc.PackageRelationshipCollection - Parsing relationship: /xl/worksheets/_rels/sheet1.xml.rels
11:37:39.732 [main] DEBUG org.apache.poi.openxml4j.opc.PackageRelationshipCollection - Parsing relationship: /_rels/.rels
11:37:39.742 [main] DEBUG org.apache.poi.openxml4j.opc.PackageRelationshipCollection - Parsing relationship: /xl/_rels/workbook.xml.rels
11:37:39.742 [main] DEBUG org.apache.poi.openxml4j.opc.PackageRelationshipCollection - Parsing relationship: /xl/worksheets/_rels/sheet1.xml.rels
11:37:39.743 [main] DEBUG org.apache.poi.openxml4j.opc.PackageRelationshipCollection - Parsing relationship: /_rels/.rels
11:37:39.752 [main] DEBUG org.apache.poi.openxml4j.opc.PackageRelationshipCollection - Parsing relationship: /xl/_rels/workbook.xml.rels
11:37:39.752 [main] DEBUG org.apache.poi.openxml4j.opc.PackageRelationshipCollection - Parsing relationship: /xl/worksheets/_rels/sheet1.xml.rels
11:37:39.753 [main] DEBUG org.apache.poi.openxml4j.opc.PackageRelationshipCollection - Parsing relationship: /_rels/.rels
11:37:39.761 [main] DEBUG org.apache.poi.openxml4j.opc.PackageRelationshipCollection - Parsing relationship: /xl/_rels/workbook.xml.rels
11:37:39.762 [main] DEBUG org.apache.poi.openxml4j.opc.PackageRelationshipCollection - Parsing relationship: /xl/worksheets/_rels/sheet1.xml.rels
11:37:39.762 [main] DEBUG org.apache.poi.openxml4j.opc.PackageRelationshipCollection - Parsing relationship: /_rels/.rels
11:37:39.771 [main] DEBUG org.apache.poi.openxml4j.opc.PackageRelationshipCollection - Parsing relationship: /xl/_rels/workbook.xml.rels
11:37:39.771 [main] DEBUG org.apache.poi.openxml4j.opc.PackageRelationshipCollection - Parsing relationship: /xl/worksheets/_rels/sheet1.xml.rels
11:37:39.772 [main] DEBUG org.apache.poi.openxml4j.opc.PackageRelationshipCollection - Parsing relationship: /_rels/.rels
11:37:39.780 [main] DEBUG org.apache.poi.openxml4j.opc.PackageRelationshipCollection - Parsing relationship: /xl/_rels/workbook.xml.rels
11:37:39.781 [main] DEBUG org.apache.poi.openxml4j.opc.PackageRelationshipCollection - Parsing relationship: /xl/worksheets/_rels/sheet1.xml.rels
11:37:39.781 [main] DEBUG org.apache.poi.openxml4j.opc.PackageRelationshipCollection - Parsing relationship: /_rels/.rels
11:37:39.792 [main] DEBUG org.apache.poi.openxml4j.opc.PackageRelationshipCollection - Parsing relationship: /xl/_rels/workbook.xml.rels
11:37:39.792 [main] DEBUG org.apache.poi.openxml4j.opc.PackageRelationshipCollection - Parsing relationship: /xl/worksheets/_rels/sheet1.xml.rels
11:37:39.792 [main] DEBUG org.apache.poi.openxml4j.opc.PackageRelationshipCollection - Parsing relationship: /_rels/.rels
11:37:39.801 [main] DEBUG org.apache.poi.openxml4j.opc.PackageRelationshipCollection - Parsing relationship: /xl/_rels/workbook.xml.rels
11:37:39.802 [main] DEBUG org.apache.poi.openxml4j.opc.PackageRelationshipCollection - Parsing relationship: /xl/worksheets/_rels/sheet1.xml.rels
11:37:39.802 [main] DEBUG org.apache.poi.openxml4j.opc.PackageRelationshipCollection - Parsing relationship: /_rels/.rels
11:37:39.812 [main] DEBUG org.apache.poi.openxml4j.opc.PackageRelationshipCollection - Parsing relationship: /xl/_rels/workbook.xml.rels
11:37:39.813 [main] DEBUG org.apache.poi.openxml4j.opc.PackageRelationshipCollection - Parsing relationship: /xl/worksheets/_rels/sheet1.xml.rels
11:37:39.813 [main] DEBUG org.apache.poi.openxml4j.opc.PackageRelationshipCollection - Parsing relationship: /_rels/.rels
11:37:39.826 [main] DEBUG org.apache.poi.openxml4j.opc.PackageRelationshipCollection - Parsing relationship: /xl/_rels/workbook.xml.rels
11:37:39.827 [main] DEBUG org.apache.poi.openxml4j.opc.PackageRelationshipCollection - Parsing relationship: /xl/worksheets/_rels/sheet1.xml.rels
11:37:39.828 [main] DEBUG org.apache.poi.openxml4j.opc.PackageRelationshipCollection - Parsing relationship: /_rels/.rels
11:37:39.839 [main] DEBUG org.apache.poi.openxml4j.opc.PackageRelationshipCollection - Parsing relationship: /xl/_rels/workbook.xml.rels
11:37:39.840 [main] DEBUG org.apache.poi.openxml4j.opc.PackageRelationshipCollection - Parsing relationship: /xl/worksheets/_rels/sheet1.xml.rels
11:37:39.840 [main] DEBUG org.apache.poi.openxml4j.opc.PackageRelationshipCollection - Parsing relationship: /_rels/.rels
11:37:39.848 [main] DEBUG org.apache.poi.openxml4j.opc.PackageRelationshipCollection - Parsing relationship: /xl/_rels/workbook.xml.rels
11:37:39.849 [main] DEBUG org.apache.poi.openxml4j.opc.PackageRelationshipCollection - Parsing relationship: /xl/worksheets/_rels/sheet1.xml.rels
11:37:39.849 [main] DEBUG org.apache.poi.openxml4j.opc.PackageRelationshipCollection - Parsing relationship: /_rels/.rels
11:37:39.857 [main] DEBUG org.apache.poi.openxml4j.opc.PackageRelationshipCollection - Parsing relationship: /xl/_rels/workbook.xml.rels
11:37:39.858 [main] DEBUG org.apache.poi.openxml4j.opc.PackageRelationshipCollection - Parsing relationship: /xl/worksheets/_rels/sheet1.xml.rels
11:37:39.858 [main] DEBUG org.apache.poi.openxml4j.opc.PackageRelationshipCollection - Parsing relationship: /_rels/.rels
11:37:39.865 [main] DEBUG org.apache.poi.openxml4j.opc.PackageRelationshipCollection - Parsing relationship: /xl/_rels/workbook.xml.rels
11:37:39.866 [main] DEBUG org.apache.poi.openxml4j.opc.PackageRelationshipCollection - Parsing relationship: /xl/worksheets/_rels/sheet1.xml.rels
11:37:39.866 [main] DEBUG org.apache.poi.openxml4j.opc.PackageRelationshipCollection - Parsing relationship: /_rels/.rels
11:37:39.877 [main] DEBUG org.apache.poi.openxml4j.opc.PackageRelationshipCollection - Parsing relationship: /xl/_rels/workbook.xml.rels
11:37:39.877 [main] DEBUG org.apache.poi.openxml4j.opc.PackageRelationshipCollection - Parsing relationship: /xl/worksheets/_rels/sheet1.xml.rels
11:37:39.878 [main] DEBUG org.apache.poi.openxml4j.opc.PackageRelationshipCollection - Parsing relationship: /_rels/.rels
11:37:39.886 [main] DEBUG org.apache.poi.openxml4j.opc.PackageRelationshipCollection - Parsing relationship: /xl/_rels/workbook.xml.rels
11:37:39.886 [main] DEBUG org.apache.poi.openxml4j.opc.PackageRelationshipCollection - Parsing relationship: /xl/worksheets/_rels/sheet1.xml.rels
11:37:39.887 [main] DEBUG org.apache.poi.openxml4j.opc.PackageRelationshipCollection - Parsing relationship: /_rels/.rels
11:37:39.895 [main] DEBUG org.apache.poi.openxml4j.opc.PackageRelationshipCollection - Parsing relationship: /xl/_rels/workbook.xml.rels
11:37:39.896 [main] DEBUG org.apache.poi.openxml4j.opc.PackageRelationshipCollection - Parsing relationship: /xl/worksheets/_rels/sheet1.xml.rels
11:37:39.896 [main] DEBUG org.apache.poi.openxml4j.opc.PackageRelationshipCollection - Parsing relationship: /_rels/.rels
11:37:39.903 [main] INFO  TestCases.TC003_LoginDDT - **** Starting TC003_LoginDDT ****
16:35:42.542 [main] DEBUG org.testng.TestNG - suiteXmlPath: "C:\Users\MAHESH\eclipse-workspace\DummyOpenCart\master.xml"
16:35:42.693 [main] INFO  org.testng.internal.Utils - [TestNG] Running:
  C:\Users\MAHESH\eclipse-workspace\DummyOpenCart\master.xml

16:35:43.149 [main] DEBUG org.apache.poi.openxml4j.opc.PackageRelationshipCollection - Parsing relationship: /xl/_rels/workbook.xml.rels
16:35:43.150 [main] DEBUG org.apache.poi.openxml4j.opc.PackageRelationshipCollection - Parsing relationship: /xl/worksheets/_rels/sheet1.xml.rels
16:35:43.152 [main] DEBUG org.apache.poi.openxml4j.opc.PackageRelationshipCollection - Parsing relationship: /_rels/.rels
16:35:43.381 [main] DEBUG org.apache.poi.openxml4j.opc.PackageRelationshipCollection - Parsing relationship: /xl/_rels/workbook.xml.rels
16:35:43.382 [main] DEBUG org.apache.poi.openxml4j.opc.PackageRelationshipCollection - Parsing relationship: /xl/worksheets/_rels/sheet1.xml.rels
16:35:43.383 [main] DEBUG org.apache.poi.openxml4j.opc.PackageRelationshipCollection - Parsing relationship: /_rels/.rels
16:35:43.397 [main] DEBUG org.apache.poi.openxml4j.opc.PackageRelationshipCollection - Parsing relationship: /xl/_rels/workbook.xml.rels
16:35:43.398 [main] DEBUG org.apache.poi.openxml4j.opc.PackageRelationshipCollection - Parsing relationship: /xl/worksheets/_rels/sheet1.xml.rels
16:35:43.399 [main] DEBUG org.apache.poi.openxml4j.opc.PackageRelationshipCollection - Parsing relationship: /_rels/.rels
16:35:43.414 [main] DEBUG org.apache.poi.openxml4j.opc.PackageRelationshipCollection - Parsing relationship: /xl/_rels/workbook.xml.rels
16:35:43.415 [main] DEBUG org.apache.poi.openxml4j.opc.PackageRelationshipCollection - Parsing relationship: /xl/worksheets/_rels/sheet1.xml.rels
16:35:43.415 [main] DEBUG org.apache.poi.openxml4j.opc.PackageRelationshipCollection - Parsing relationship: /_rels/.rels
16:35:43.430 [main] DEBUG org.apache.poi.openxml4j.opc.PackageRelationshipCollection - Parsing relationship: /xl/_rels/workbook.xml.rels
16:35:43.431 [main] DEBUG org.apache.poi.openxml4j.opc.PackageRelationshipCollection - Parsing relationship: /xl/worksheets/_rels/sheet1.xml.rels
16:35:43.431 [main] DEBUG org.apache.poi.openxml4j.opc.PackageRelationshipCollection - Parsing relationship: /_rels/.rels
16:35:43.444 [main] DEBUG org.apache.poi.openxml4j.opc.PackageRelationshipCollection - Parsing relationship: /xl/_rels/workbook.xml.rels
16:35:43.445 [main] DEBUG org.apache.poi.openxml4j.opc.PackageRelationshipCollection - Parsing relationship: /xl/worksheets/_rels/sheet1.xml.rels
16:35:43.445 [main] DEBUG org.apache.poi.openxml4j.opc.PackageRelationshipCollection - Parsing relationship: /_rels/.rels
16:35:43.457 [main] DEBUG org.apache.poi.openxml4j.opc.PackageRelationshipCollection - Parsing relationship: /xl/_rels/workbook.xml.rels
16:35:43.458 [main] DEBUG org.apache.poi.openxml4j.opc.PackageRelationshipCollection - Parsing relationship: /xl/worksheets/_rels/sheet1.xml.rels
16:35:43.458 [main] DEBUG org.apache.poi.openxml4j.opc.PackageRelationshipCollection - Parsing relationship: /_rels/.rels
16:35:43.468 [main] DEBUG org.apache.poi.openxml4j.opc.PackageRelationshipCollection - Parsing relationship: /xl/_rels/workbook.xml.rels
16:35:43.469 [main] DEBUG org.apache.poi.openxml4j.opc.PackageRelationshipCollection - Parsing relationship: /xl/worksheets/_rels/sheet1.xml.rels
16:35:43.469 [main] DEBUG org.apache.poi.openxml4j.opc.PackageRelationshipCollection - Parsing relationship: /_rels/.rels
16:35:43.480 [main] DEBUG org.apache.poi.openxml4j.opc.PackageRelationshipCollection - Parsing relationship: /xl/_rels/workbook.xml.rels
16:35:43.480 [main] DEBUG org.apache.poi.openxml4j.opc.PackageRelationshipCollection - Parsing relationship: /xl/worksheets/_rels/sheet1.xml.rels
16:35:43.480 [main] DEBUG org.apache.poi.openxml4j.opc.PackageRelationshipCollection - Parsing relationship: /_rels/.rels
16:35:43.492 [main] DEBUG org.apache.poi.openxml4j.opc.PackageRelationshipCollection - Parsing relationship: /xl/_rels/workbook.xml.rels
16:35:43.493 [main] DEBUG org.apache.poi.openxml4j.opc.PackageRelationshipCollection - Parsing relationship: /xl/worksheets/_rels/sheet1.xml.rels
16:35:43.494 [main] DEBUG org.apache.poi.openxml4j.opc.PackageRelationshipCollection - Parsing relationship: /_rels/.rels
16:35:43.506 [main] DEBUG org.apache.poi.openxml4j.opc.PackageRelationshipCollection - Parsing relationship: /xl/_rels/workbook.xml.rels
16:35:43.506 [main] DEBUG org.apache.poi.openxml4j.opc.PackageRelationshipCollection - Parsing relationship: /xl/worksheets/_rels/sheet1.xml.rels
16:35:43.507 [main] DEBUG org.apache.poi.openxml4j.opc.PackageRelationshipCollection - Parsing relationship: /_rels/.rels
16:35:43.516 [main] DEBUG org.apache.poi.openxml4j.opc.PackageRelationshipCollection - Parsing relationship: /xl/_rels/workbook.xml.rels
16:35:43.516 [main] DEBUG org.apache.poi.openxml4j.opc.PackageRelationshipCollection - Parsing relationship: /xl/worksheets/_rels/sheet1.xml.rels
16:35:43.516 [main] DEBUG org.apache.poi.openxml4j.opc.PackageRelationshipCollection - Parsing relationship: /_rels/.rels
16:35:43.525 [main] DEBUG org.apache.poi.openxml4j.opc.PackageRelationshipCollection - Parsing relationship: /xl/_rels/workbook.xml.rels
16:35:43.526 [main] DEBUG org.apache.poi.openxml4j.opc.PackageRelationshipCollection - Parsing relationship: /xl/worksheets/_rels/sheet1.xml.rels
16:35:43.527 [main] DEBUG org.apache.poi.openxml4j.opc.PackageRelationshipCollection - Parsing relationship: /_rels/.rels
16:35:43.536 [main] DEBUG org.apache.poi.openxml4j.opc.PackageRelationshipCollection - Parsing relationship: /xl/_rels/workbook.xml.rels
16:35:43.537 [main] DEBUG org.apache.poi.openxml4j.opc.PackageRelationshipCollection - Parsing relationship: /xl/worksheets/_rels/sheet1.xml.rels
16:35:43.537 [main] DEBUG org.apache.poi.openxml4j.opc.PackageRelationshipCollection - Parsing relationship: /_rels/.rels
16:35:43.545 [main] DEBUG org.apache.poi.openxml4j.opc.PackageRelationshipCollection - Parsing relationship: /xl/_rels/workbook.xml.rels
16:35:43.545 [main] DEBUG org.apache.poi.openxml4j.opc.PackageRelationshipCollection - Parsing relationship: /xl/worksheets/_rels/sheet1.xml.rels
16:35:43.545 [main] DEBUG org.apache.poi.openxml4j.opc.PackageRelationshipCollection - Parsing relationship: /_rels/.rels
16:35:43.558 [main] DEBUG org.apache.poi.openxml4j.opc.PackageRelationshipCollection - Parsing relationship: /xl/_rels/workbook.xml.rels
16:35:43.559 [main] DEBUG org.apache.poi.openxml4j.opc.PackageRelationshipCollection - Parsing relationship: /xl/worksheets/_rels/sheet1.xml.rels
16:35:43.559 [main] DEBUG org.apache.poi.openxml4j.opc.PackageRelationshipCollection - Parsing relationship: /_rels/.rels
16:35:43.567 [main] DEBUG org.apache.poi.openxml4j.opc.PackageRelationshipCollection - Parsing relationship: /xl/_rels/workbook.xml.rels
16:35:43.568 [main] DEBUG org.apache.poi.openxml4j.opc.PackageRelationshipCollection - Parsing relationship: /xl/worksheets/_rels/sheet1.xml.rels
16:35:43.568 [main] DEBUG org.apache.poi.openxml4j.opc.PackageRelationshipCollection - Parsing relationship: /_rels/.rels
16:35:43.577 [main] DEBUG org.apache.poi.openxml4j.opc.PackageRelationshipCollection - Parsing relationship: /xl/_rels/workbook.xml.rels
16:35:43.578 [main] DEBUG org.apache.poi.openxml4j.opc.PackageRelationshipCollection - Parsing relationship: /xl/worksheets/_rels/sheet1.xml.rels
16:35:43.578 [main] DEBUG org.apache.poi.openxml4j.opc.PackageRelationshipCollection - Parsing relationship: /_rels/.rels
16:35:43.586 [main] DEBUG org.apache.poi.openxml4j.opc.PackageRelationshipCollection - Parsing relationship: /xl/_rels/workbook.xml.rels
16:35:43.586 [main] DEBUG org.apache.poi.openxml4j.opc.PackageRelationshipCollection - Parsing relationship: /xl/worksheets/_rels/sheet1.xml.rels
16:35:43.587 [main] DEBUG org.apache.poi.openxml4j.opc.PackageRelationshipCollection - Parsing relationship: /_rels/.rels
16:35:43.594 [main] DEBUG org.apache.poi.openxml4j.opc.PackageRelationshipCollection - Parsing relationship: /xl/_rels/workbook.xml.rels
16:35:43.594 [main] DEBUG org.apache.poi.openxml4j.opc.PackageRelationshipCollection - Parsing relationship: /xl/worksheets/_rels/sheet1.xml.rels
16:35:43.595 [main] DEBUG org.apache.poi.openxml4j.opc.PackageRelationshipCollection - Parsing relationship: /_rels/.rels
16:35:43.601 [main] DEBUG org.apache.poi.openxml4j.opc.PackageRelationshipCollection - Parsing relationship: /xl/_rels/workbook.xml.rels
16:35:43.601 [main] DEBUG org.apache.poi.openxml4j.opc.PackageRelationshipCollection - Parsing relationship: /xl/worksheets/_rels/sheet1.xml.rels
16:35:43.602 [main] DEBUG org.apache.poi.openxml4j.opc.PackageRelationshipCollection - Parsing relationship: /_rels/.rels
16:35:43.610 [main] DEBUG org.apache.poi.openxml4j.opc.PackageRelationshipCollection - Parsing relationship: /xl/_rels/workbook.xml.rels
16:35:43.610 [main] DEBUG org.apache.poi.openxml4j.opc.PackageRelationshipCollection - Parsing relationship: /xl/worksheets/_rels/sheet1.xml.rels
16:35:43.610 [main] DEBUG org.apache.poi.openxml4j.opc.PackageRelationshipCollection - Parsing relationship: /_rels/.rels
16:35:43.617 [main] DEBUG org.apache.poi.openxml4j.opc.PackageRelationshipCollection - Parsing relationship: /xl/_rels/workbook.xml.rels
16:35:43.618 [main] DEBUG org.apache.poi.openxml4j.opc.PackageRelationshipCollection - Parsing relationship: /xl/worksheets/_rels/sheet1.xml.rels
16:35:43.618 [main] DEBUG org.apache.poi.openxml4j.opc.PackageRelationshipCollection - Parsing relationship: /_rels/.rels
16:37:10.651 [main] DEBUG org.testng.TestNG - suiteXmlPath: "C:\Users\MAHESH\eclipse-workspace\DummyOpenCart\master.xml"
16:37:10.828 [main] INFO  org.testng.internal.Utils - [TestNG] Running:
  C:\Users\MAHESH\eclipse-workspace\DummyOpenCart\master.xml

16:41:01.088 [main] DEBUG org.testng.TestNG - suiteXmlPath: "C:\Users\MAHESH\eclipse-workspace\DummyOpenCart\test-output\testng-failed.xml"
16:41:01.224 [main] INFO  org.testng.internal.Utils - [TestNG] Running:
  C:\Users\MAHESH\eclipse-workspace\DummyOpenCart\test-output\testng-failed.xml

16:50:22.571 [main] DEBUG org.testng.TestNG - suiteXmlPath: "C:\Users\MAHESH\eclipse-workspace\DummyOpenCart\master.xml"
16:58:27.784 [main] DEBUG org.testng.TestNG - suiteXmlPath: "C:\Users\MAHESH\eclipse-workspace\DummyOpenCart\master.xml"
16:58:27.988 [main] INFO  org.testng.internal.Utils - [TestNG] Running:
  C:\Users\MAHESH\eclipse-workspace\DummyOpenCart\master.xml

17:02:51.712 [main] DEBUG org.testng.TestNG - suiteXmlPath: "C:\Users\MAHESH\eclipse-workspace\DummyOpenCart\master.xml"
17:12:10.517 [main] DEBUG org.testng.TestNG - suiteXmlPath: "C:\Users\MAHESH\eclipse-workspace\DummyOpenCart\master.xml"
17:12:10.693 [main] INFO  org.testng.internal.Utils - [TestNG] Running:
  C:\Users\MAHESH\eclipse-workspace\DummyOpenCart\master.xml

17:12:16.268 [main] INFO  TestCases.TC001_AccountRegistrationTest - **** Started TC001_AccountRegistrationTest ****
17:12:16.406 [main] INFO  TestCases.TC001_AccountRegistrationTest - click on my account
17:12:16.875 [main] INFO  TestCases.TC001_AccountRegistrationTest - click on Register
17:12:16.882 [main] INFO  TestCases.TC001_AccountRegistrationTest - Providing customer details
17:12:17.836 [main] INFO  TestCases.TC001_AccountRegistrationTest - validation information
17:12:19.392 [main] INFO  TestCases.TC001_AccountRegistrationTest - **** Finished TC001_AccountRegistrationTest ****
17:12:21.400 [main] INFO  TestCases.TC002_LoginTest - **** Starting TC002_LoginTest ****
17:12:23.077 [main] INFO  TestCases.TC002_LoginTest - **** Finished TC002_LoginTest ****
17:13:02.415 [main] DEBUG org.testng.TestNG - suiteXmlPath: "C:\Users\MAHESH\eclipse-workspace\DummyOpenCart\master.xml"
17:13:02.588 [main] INFO  org.testng.internal.Utils - [TestNG] Running:
  C:\Users\MAHESH\eclipse-workspace\DummyOpenCart\master.xml

17:13:04.766 [main] INFO  TestCases.TC001_AccountRegistrationTest - **** Started TC001_AccountRegistrationTest ****
17:13:04.877 [main] INFO  TestCases.TC001_AccountRegistrationTest - click on my account
17:13:05.370 [main] INFO  TestCases.TC001_AccountRegistrationTest - click on Register
17:13:05.375 [main] INFO  TestCases.TC001_AccountRegistrationTest - Providing customer details
17:13:07.309 [main] INFO  TestCases.TC001_AccountRegistrationTest - validation information
17:13:07.341 [main] INFO  TestCases.TC001_AccountRegistrationTest - **** Finished TC001_AccountRegistrationTest ****
17:13:09.827 [main] INFO  TestCases.TC002_LoginTest - **** Starting TC002_LoginTest ****
17:13:11.237 [main] INFO  TestCases.TC002_LoginTest - **** Finished TC002_LoginTest ****
17:13:40.615 [main] DEBUG org.testng.TestNG - suiteXmlPath: "C:\Users\MAHESH\eclipse-workspace\DummyOpenCart\master.xml"
17:13:43.212 [main] INFO  TestCases.TC001_AccountRegistrationTest - **** Started TC001_AccountRegistrationTest ****
17:13:43.359 [main] INFO  TestCases.TC001_AccountRegistrationTest - click on my account
17:13:43.866 [main] INFO  TestCases.TC001_AccountRegistrationTest - click on Register
17:13:43.867 [main] INFO  TestCases.TC001_AccountRegistrationTest - Providing customer details
17:13:46.024 [main] INFO  TestCases.TC001_AccountRegistrationTest - validation information
17:13:46.055 [main] INFO  TestCases.TC001_AccountRegistrationTest - **** Finished TC001_AccountRegistrationTest ****
17:13:48.201 [main] INFO  TestCases.TC002_LoginTest - **** Starting TC002_LoginTest ****
17:13:49.814 [main] INFO  TestCases.TC002_LoginTest - **** Finished TC002_LoginTest ****
18:14:09.199 [main] DEBUG org.testng.TestNG - suiteXmlPath: "C:\Users\MAHESH\eclipse-workspace\DummyOpenCart\master.xml"
18:14:14.246 [main] INFO  TestCases.TC001_AccountRegistrationTest - **** Started TC001_AccountRegistrationTest ****
18:14:14.343 [main] INFO  TestCases.TC001_AccountRegistrationTest - click on my account
18:14:14.879 [main] INFO  TestCases.TC001_AccountRegistrationTest - click on Register
18:14:14.882 [main] INFO  TestCases.TC001_AccountRegistrationTest - Providing customer details
18:14:15.681 [main] INFO  TestCases.TC001_AccountRegistrationTest - validation information
18:14:17.680 [main] INFO  TestCases.TC001_AccountRegistrationTest - **** Finished TC001_AccountRegistrationTest ****
18:14:20.530 [main] INFO  TestCases.TC002_LoginTest - **** Starting TC002_LoginTest ****
18:14:22.578 [main] INFO  TestCases.TC002_LoginTest - **** Finished TC002_LoginTest ****
